placa,hora_ingreso,hora_salida,peso_deposito,razon_social,municipio,tipo_residuo,tiempo_operacion_min
TOQ775,2024-02-09 16:07:10,2024-02-09 16:50:49,10690,ACUEDUCTO MULTIVEREDAL RIONEGRO,Rionegro,ORDINARIOS E INERTES,43.65
ODT904,2021-01-05 13:56:10,2021-01-05 14:47:09,6160,AGUAS DE HELICONIA S.A  E S P,Heliconia,RESIDUOS RESIDENCIALES,50.983333333333334
ODT904,2021-01-08 16:05:12,2021-01-08 16:27:57,5680,AGUAS DE HELICONIA S.A  E S P,Heliconia,RESIDUOS RESIDENCIALES,22.75
ODT904,2021-01-09 11:36:08,2021-01-09 12:09:01,1770,AGUAS DE HELICONIA S.A  E S P,Heliconia,RESIDUOS RESIDENCIALES,32.88333333333333
ODT904,2021-01-07 09:23:44,2021-01-07 09:47:06,3050,AGUAS DE HELICONIA S.A  E S P,Heliconia,RESIDUOS RESIDENCIALES,23.366666666666667
ODT904,2021-01-13 10:04:25,2021-01-13 10:27:29,6710,AGUAS DE HELICONIA S.A  E S P,Heliconia,RESIDUOS RESIDENCIALES,23.066666666666666
ODT904,2021-01-16 09:23:43,2021-01-16 09:49:51,6430,AGUAS DE HELICONIA S.A  E S P,Heliconia,RESIDUOS RESIDENCIALES,26.133333333333333
ODT904,2021-01-20 10:10:59,2021-01-20 10:37:18,4330,AGUAS DE HELICONIA S.A  E S P,Heliconia,RESIDUOS RESIDENCIALES,26.316666666666666
ODT904,2021-01-23 10:04:06,2021-01-23 10:37:10,6130,AGUAS DE HELICONIA S.A  E S P,Heliconia,RESIDUOS RESIDENCIALES,33.06666666666667
ODT904,2021-01-26 12:56:38,2021-01-26 13:53:07,3540,AGUAS DE HELICONIA S.A  E S P,Heliconia,RESIDUOS RESIDENCIALES,56.483333333333334
ODT904,2021-01-27 00:13:01,2021-01-27 00:49:34,1800,AGUAS DE HELICONIA S.A  E S P,Heliconia,RESIDUOS RESIDENCIALES,36.55
ODT904,2021-01-29 16:18:34,2021-01-29 16:43:08,5860,AGUAS DE HELICONIA S.A  E S P,Heliconia,RESIDUOS RESIDENCIALES,24.566666666666666
ODT904,2021-02-02 13:14:20,2021-02-02 14:03:48,4820,AGUAS DE HELICONIA S.A  E S P,Heliconia,RESIDUOS RESIDENCIALES,49.46666666666667
ODT904,2021-02-05 15:00:42,2021-02-05 15:23:35,4680,AGUAS DE HELICONIA S.A  E S P,Heliconia,RESIDUOS RESIDENCIALES,22.883333333333333
ODT904,2021-02-06 12:54:01,2021-02-06 13:17:50,2340,AGUAS DE HELICONIA S.A  E S P,Heliconia,RESIDUOS RESIDENCIALES,23.816666666666666
ODT904,2021-02-09 15:23:41,2021-02-09 16:05:42,3090,AGUAS DE HELICONIA S.A  E S P,Heliconia,RESIDUOS RESIDENCIALES,42.016666666666666
ODT904,2021-02-10 12:36:16,2021-02-10 13:20:55,2030,AGUAS DE HELICONIA S.A  E S P,Heliconia,RESIDUOS RESIDENCIALES,44.65
ODT904,2021-02-12 17:28:56,2021-02-12 17:50:40,5330,AGUAS DE HELICONIA S.A  E S P,Heliconia,RESIDUOS RESIDENCIALES,21.733333333333334
ODT904,2021-02-17 08:38:19,2021-02-17 09:00:04,3040,AGUAS DE HELICONIA S.A  E S P,Heliconia,RESIDUOS RESIDENCIALES,21.75
ODT904,2021-02-19 14:39:45,2021-02-19 15:07:24,5840,AGUAS DE HELICONIA S.A  E S P,Heliconia,RESIDUOS RESIDENCIALES,27.65
ODT904,2021-02-26 14:10:47,2021-02-26 14:35:13,5160,AGUAS DE HELICONIA S.A  E S P,Heliconia,RESIDUOS RESIDENCIALES,24.433333333333334
ODT904,2021-03-02 15:25:18,2021-03-02 15:53:27,2620,AGUAS DE HELICONIA S.A  E S P,Heliconia,RESIDUOS RESIDENCIALES,28.15
ODT904,2021-03-05 14:50:47,2021-03-05 15:15:41,6140,AGUAS DE HELICONIA S.A  E S P,Heliconia,RESIDUOS RESIDENCIALES,24.9
ODT904,2021-03-09 15:59:54,2021-03-09 16:30:51,5860,AGUAS DE HELICONIA S.A  E S P,Heliconia,RESIDUOS RESIDENCIALES,30.95
ODT904,2021-03-12 13:50:47,2021-03-12 14:33:45,5050,AGUAS DE HELICONIA S.A  E S P,Heliconia,RESIDUOS RESIDENCIALES,42.96666666666667
ODT904,2021-03-16 13:19:40,2021-03-16 14:33:40,3070,AGUAS DE HELICONIA S.A  E S P,Heliconia,RESIDUOS RESIDENCIALES,74.0
ODT904,2021-03-19 14:17:22,2021-03-19 14:45:52,5760,AGUAS DE HELICONIA S.A  E S P,Heliconia,RESIDUOS RESIDENCIALES,28.5
ODT904,2021-03-24 06:29:14,2021-03-24 07:08:49,5940,AGUAS DE HELICONIA S.A  E S P,Heliconia,RESIDUOS RESIDENCIALES,39.583333333333336
ODT904,2021-03-26 14:04:59,2021-03-26 14:47:51,5800,AGUAS DE HELICONIA S.A  E S P,Heliconia,RESIDUOS RESIDENCIALES,42.86666666666667
ODT904,2021-03-31 09:12:01,2021-03-31 09:37:26,2810,AGUAS DE HELICONIA S.A  E S P,Heliconia,RESIDUOS RESIDENCIALES,25.416666666666668
ODT904,2021-04-03 06:30:03,2021-04-03 06:53:20,4970,AGUAS DE HELICONIA S.A  E S P,Heliconia,RESIDUOS RESIDENCIALES,23.283333333333335
ODT904,2021-04-06 16:48:00,2021-04-06 17:53:10,5920,AGUAS DE HELICONIA S.A  E S P,Heliconia,RESIDUOS RESIDENCIALES,65.16666666666667
ODT904,2021-04-08 15:05:29,2021-04-08 15:34:53,3460,AGUAS DE HELICONIA S.A  E S P,Heliconia,RESIDUOS RESIDENCIALES,29.4
ODT904,2021-04-09 13:18:30,2021-04-09 14:21:04,3300,AGUAS DE HELICONIA S.A  E S P,Heliconia,RESIDUOS RESIDENCIALES,62.56666666666667
ODT904,2021-04-13 20:39:44,2021-04-13 21:34:47,2900,AGUAS DE HELICONIA S.A  E S P,Heliconia,RESIDUOS RESIDENCIALES,55.05
ODT904,2021-04-16 13:35:21,2021-04-16 13:57:52,4920,AGUAS DE HELICONIA S.A  E S P,Heliconia,RESIDUOS RESIDENCIALES,22.516666666666666
ODT904,2021-04-20 20:32:52,2021-04-20 20:58:59,6050,AGUAS DE HELICONIA S.A  E S P,Heliconia,RESIDUOS RESIDENCIALES,26.116666666666667
ODT904,2021-04-23 13:50:53,2021-04-23 14:18:09,5390,AGUAS DE HELICONIA S.A  E S P,Heliconia,RESIDUOS RESIDENCIALES,27.266666666666666
ODT904,2021-04-27 13:36:21,2021-04-27 14:09:09,3240,AGUAS DE HELICONIA S.A  E S P,Heliconia,RESIDUOS RESIDENCIALES,32.8
ODT904,2021-04-30 14:00:12,2021-04-30 14:25:45,5460,AGUAS DE HELICONIA S.A  E S P,Heliconia,RESIDUOS RESIDENCIALES,25.55
ODT904,2021-05-05 09:20:28,2021-05-05 09:49:40,5860,AGUAS DE HELICONIA S.A  E S P,Heliconia,RESIDUOS RESIDENCIALES,29.2
ODT904,2021-05-07 15:35:10,2021-05-07 15:55:57,5880,AGUAS DE HELICONIA S.A  E S P,Heliconia,RESIDUOS RESIDENCIALES,20.783333333333335
ODT904,2021-05-12 08:59:19,2021-05-12 09:44:57,2780,AGUAS DE HELICONIA S.A  E S P,Heliconia,RESIDUOS RESIDENCIALES,45.63333333333333
ODT904,2021-05-14 12:06:12,2021-05-14 13:11:28,4420,AGUAS DE HELICONIA S.A  E S P,Heliconia,RESIDUOS RESIDENCIALES,65.26666666666667
ODT904,2021-05-14 22:24:03,2021-05-14 22:50:15,2850,AGUAS DE HELICONIA S.A  E S P,Heliconia,RESIDUOS RESIDENCIALES,26.2
ODT904,2021-05-18 18:31:19,2021-05-18 19:02:04,6150,AGUAS DE HELICONIA S.A  E S P,Heliconia,RESIDUOS RESIDENCIALES,30.75
ODT904,2021-05-22 09:02:46,2021-05-22 09:27:19,6000,AGUAS DE HELICONIA S.A  E S P,Heliconia,RESIDUOS RESIDENCIALES,24.55
ODT904,2021-05-26 10:21:28,2021-05-26 10:48:11,2850,AGUAS DE HELICONIA S.A  E S P,Heliconia,RESIDUOS RESIDENCIALES,26.716666666666665
ODT904,2021-05-28 15:05:03,2021-05-28 16:05:29,5430,AGUAS DE HELICONIA S.A  E S P,Heliconia,RESIDUOS RESIDENCIALES,60.43333333333333
ODT904,2021-06-02 10:11:50,2021-06-02 11:00:10,6020,AGUAS DE HELICONIA S.A  E S P,Heliconia,RESIDUOS RESIDENCIALES,48.333333333333336
ODT904,2021-06-04 14:52:54,2021-06-04 15:33:35,5660,AGUAS DE HELICONIA S.A  E S P,Heliconia,RESIDUOS RESIDENCIALES,40.68333333333333
ODT904,2021-06-08 14:56:22,2021-06-08 15:51:46,3200,AGUAS DE HELICONIA S.A  E S P,Heliconia,RESIDUOS RESIDENCIALES,55.4
ODT904,2021-06-11 16:37:52,2021-06-11 17:43:30,5940,AGUAS DE HELICONIA S.A  E S P,Heliconia,RESIDUOS RESIDENCIALES,65.63333333333334
ODT904,2021-06-16 09:39:47,2021-06-16 10:08:49,6200,AGUAS DE HELICONIA S.A  E S P,Heliconia,RESIDUOS RESIDENCIALES,29.033333333333335
ODT904,2021-06-18 14:02:12,2021-06-18 14:32:57,6110,AGUAS DE HELICONIA S.A  E S P,Heliconia,RESIDUOS RESIDENCIALES,30.75
ODT904,2021-06-23 05:59:56,2021-06-23 06:22:06,3640,AGUAS DE HELICONIA S.A  E S P,Heliconia,RESIDUOS RESIDENCIALES,22.166666666666668
ODT904,2021-06-25 14:27:37,2021-06-25 14:54:59,5330,AGUAS DE HELICONIA S.A  E S P,Heliconia,RESIDUOS RESIDENCIALES,27.366666666666667
ODT904,2021-06-30 10:22:11,2021-06-30 11:04:42,6620,AGUAS DE HELICONIA S.A  E S P,Heliconia,RESIDUOS RESIDENCIALES,42.516666666666666
ODT904,2021-07-02 14:17:55,2021-07-02 14:44:12,6550,AGUAS DE HELICONIA S.A  E S P,Heliconia,RESIDUOS RESIDENCIALES,26.283333333333335
ODT904,2021-07-07 09:44:46,2021-07-07 10:07:15,4070,AGUAS DE HELICONIA S.A  E S P,Heliconia,RESIDUOS RESIDENCIALES,22.483333333333334
ODT904,2021-07-09 13:41:10,2021-07-09 14:30:09,6260,AGUAS DE HELICONIA S.A  E S P,Heliconia,RESIDUOS RESIDENCIALES,48.983333333333334
ODT904,2021-07-13 13:38:19,2021-07-13 14:19:56,4450,AGUAS DE HELICONIA S.A  E S P,Heliconia,RESIDUOS RESIDENCIALES,41.61666666666667
ODT904,2021-07-15 14:21:35,2021-07-15 15:15:48,5140,AGUAS DE HELICONIA S.A  E S P,Heliconia,RESIDUOS RESIDENCIALES,54.21666666666667
ODT904,2021-07-20 12:13:41,2021-07-20 12:45:44,7220,AGUAS DE HELICONIA S.A  E S P,Heliconia,RESIDUOS RESIDENCIALES,32.05
ODT904,2021-07-23 18:19:34,2021-07-23 19:15:36,6980,AGUAS DE HELICONIA S.A  E S P,Heliconia,RESIDUOS RESIDENCIALES,56.03333333333333
ODT904,2021-07-27 19:18:52,2021-07-27 19:44:01,5740,AGUAS DE HELICONIA S.A  E S P,Heliconia,RESIDUOS RESIDENCIALES,25.15
ODT904,2021-07-30 13:58:47,2021-07-30 14:36:11,5520,AGUAS DE HELICONIA S.A  E S P,Heliconia,RESIDUOS RESIDENCIALES,37.4
ODT904,2021-08-03 18:33:57,2021-08-03 18:57:52,2900,AGUAS DE HELICONIA S.A  E S P,Heliconia,RESIDUOS RESIDENCIALES,23.916666666666668
ODT904,2021-08-06 15:48:05,2021-08-06 16:14:13,5190,AGUAS DE HELICONIA S.A  E S P,Heliconia,RESIDUOS RESIDENCIALES,26.133333333333333
ODT904,2021-08-11 09:15:58,2021-08-11 09:39:45,5770,AGUAS DE HELICONIA S.A  E S P,Heliconia,RESIDUOS RESIDENCIALES,23.783333333333335
ODT904,2021-08-15 09:20:30,2021-08-15 09:43:00,5720,AGUAS DE HELICONIA S.A  E S P,Heliconia,RESIDUOS RESIDENCIALES,22.5
ODT904,2021-08-18 06:19:54,2021-08-18 06:45:52,3430,AGUAS DE HELICONIA S.A  E S P,Heliconia,RESIDUOS RESIDENCIALES,25.966666666666665
ODT904,2021-08-21 09:55:51,2021-08-21 10:20:46,5810,AGUAS DE HELICONIA S.A  E S P,Heliconia,RESIDUOS RESIDENCIALES,24.916666666666668
ODT904,2021-08-25 09:27:06,2021-08-25 09:50:51,6660,AGUAS DE HELICONIA S.A  E S P,Heliconia,RESIDUOS RESIDENCIALES,23.75
ODT904,2021-08-27 13:45:33,2021-08-27 14:23:40,5600,AGUAS DE HELICONIA S.A  E S P,Heliconia,RESIDUOS RESIDENCIALES,38.11666666666667
ODT904,2021-09-01 09:35:46,2021-09-01 09:57:06,3650,AGUAS DE HELICONIA S.A  E S P,Heliconia,RESIDUOS RESIDENCIALES,21.333333333333332
ODT904,2021-09-03 14:39:44,2021-09-03 15:12:29,5510,AGUAS DE HELICONIA S.A  E S P,Heliconia,RESIDUOS RESIDENCIALES,32.75
ODT904,2021-09-08 17:10:46,2021-09-08 17:37:03,6360,AGUAS DE HELICONIA S.A  E S P,Heliconia,RESIDUOS RESIDENCIALES,26.283333333333335
ODT904,2021-09-10 14:37:21,2021-09-10 16:02:11,5450,AGUAS DE HELICONIA S.A  E S P,Heliconia,RESIDUOS RESIDENCIALES,84.83333333333333
ODT904,2021-09-14 21:18:21,2021-09-14 22:19:04,3130,AGUAS DE HELICONIA S.A  E S P,Heliconia,RESIDUOS RESIDENCIALES,60.71666666666667
ODT904,2021-09-18 08:46:37,2021-09-18 09:07:23,5840,AGUAS DE HELICONIA S.A  E S P,Heliconia,RESIDUOS RESIDENCIALES,20.766666666666666
ODT904,2021-09-22 22:42:51,2021-09-22 23:20:59,5250,AGUAS DE HELICONIA S.A  E S P,Heliconia,RESIDUOS RESIDENCIALES,38.13333333333333
ODT904,2021-09-24 14:41:48,2021-09-24 15:11:39,5730,AGUAS DE HELICONIA S.A  E S P,Heliconia,RESIDUOS RESIDENCIALES,29.85
ODT904,2021-09-28 13:45:43,2021-09-28 14:25:46,3300,AGUAS DE HELICONIA S.A  E S P,Heliconia,RESIDUOS RESIDENCIALES,40.05
ODT904,2021-10-01 13:09:49,2021-10-01 14:03:03,5240,AGUAS DE HELICONIA S.A  E S P,Heliconia,RESIDUOS RESIDENCIALES,53.233333333333334
ODT904,2021-10-06 10:14:55,2021-10-06 10:40:26,6090,AGUAS DE HELICONIA S.A  E S P,Heliconia,RESIDUOS RESIDENCIALES,25.516666666666666
ODT904,2021-10-09 08:47:21,2021-10-09 09:09:49,4490,AGUAS DE HELICONIA S.A  E S P,Heliconia,RESIDUOS RESIDENCIALES,22.466666666666665
ODT904,2021-10-12 22:08:53,2021-10-12 22:41:16,3470,AGUAS DE HELICONIA S.A  E S P,Heliconia,RESIDUOS RESIDENCIALES,32.38333333333333
ODT904,2021-10-15 14:16:33,2021-10-15 14:51:14,6160,AGUAS DE HELICONIA S.A  E S P,Heliconia,RESIDUOS RESIDENCIALES,34.68333333333333
ODT904,2021-10-19 21:35:17,2021-10-19 23:22:43,6810,AGUAS DE HELICONIA S.A  E S P,Heliconia,RESIDUOS RESIDENCIALES,107.43333333333334
ODT904,2021-10-23 10:42:05,2021-10-23 11:17:50,5970,AGUAS DE HELICONIA S.A  E S P,Heliconia,RESIDUOS RESIDENCIALES,35.75
ODT904,2021-10-27 09:52:53,2021-10-27 10:18:54,3320,AGUAS DE HELICONIA S.A  E S P,Heliconia,RESIDUOS RESIDENCIALES,26.016666666666666
ODT904,2021-10-29 14:00:21,2021-10-29 14:40:58,5630,AGUAS DE HELICONIA S.A  E S P,Heliconia,RESIDUOS RESIDENCIALES,40.61666666666667
ODT844,2021-10-29 21:35:47,2021-10-29 22:15:40,2710,AGUAS DE HELICONIA S.A  E S P,Heliconia,RESIDUOS RESIDENCIALES,39.88333333333333
ODT904,2021-11-03 06:35:28,2021-11-03 07:03:30,6260,AGUAS DE HELICONIA S.A  E S P,Heliconia,RESIDUOS RESIDENCIALES,28.033333333333335
ODT904,2021-11-05 14:35:13,2021-11-05 15:02:47,5800,AGUAS DE HELICONIA S.A  E S P,Heliconia,RESIDUOS RESIDENCIALES,27.566666666666666
ODT904,2021-11-09 13:59:36,2021-11-09 14:57:11,3340,AGUAS DE HELICONIA S.A  E S P,Heliconia,RESIDUOS RESIDENCIALES,57.583333333333336
ODT904,2021-11-12 13:44:15,2021-11-12 14:14:55,6450,AGUAS DE HELICONIA S.A  E S P,Heliconia,RESIDUOS RESIDENCIALES,30.666666666666668
ODT904,2021-11-16 14:14:57,2021-11-16 14:43:17,5010,AGUAS DE HELICONIA S.A  E S P,Heliconia,RESIDUOS RESIDENCIALES,28.333333333333332
ODT904,2021-11-17 13:42:26,2021-11-17 14:39:41,3530,AGUAS DE HELICONIA S.A  E S P,Heliconia,RESIDUOS RESIDENCIALES,57.25
ODT904,2021-11-19 14:03:55,2021-11-19 14:36:39,6160,AGUAS DE HELICONIA S.A  E S P,Heliconia,RESIDUOS RESIDENCIALES,32.733333333333334
ODT904,2021-11-24 09:04:21,2021-11-24 09:27:44,4810,AGUAS DE HELICONIA S.A  E S P,Heliconia,RESIDUOS RESIDENCIALES,23.383333333333333
ODT904,2021-11-26 13:42:49,2021-11-26 15:10:05,5870,AGUAS DE HELICONIA S.A  E S P,Heliconia,RESIDUOS RESIDENCIALES,87.26666666666667
ODT904,2021-12-01 09:18:24,2021-12-01 09:43:17,6650,AGUAS DE HELICONIA S.A  E S P,Heliconia,RESIDUOS RESIDENCIALES,24.883333333333333
ODT904,2021-12-03 17:32:02,2021-12-03 18:02:26,5600,AGUAS DE HELICONIA S.A  E S P,Heliconia,RESIDUOS RESIDENCIALES,30.4
ODT904,2021-12-07 14:26:45,2021-12-07 14:51:44,4950,AGUAS DE HELICONIA S.A  E S P,Heliconia,RESIDUOS RESIDENCIALES,24.983333333333334
ODT904,2021-12-09 21:21:00,2021-12-09 21:42:23,2650,AGUAS DE HELICONIA S.A  E S P,Heliconia,RESIDUOS RESIDENCIALES,21.383333333333333
ODT904,2021-12-13 11:39:02,2021-12-13 12:11:16,3630,AGUAS DE HELICONIA S.A  E S P,Heliconia,RESIDUOS RESIDENCIALES,32.233333333333334
ODT904,2021-12-14 13:55:19,2021-12-14 14:26:25,3280,AGUAS DE HELICONIA S.A  E S P,Heliconia,RESIDUOS RESIDENCIALES,31.1
ODT904,2021-12-15 14:40:39,2021-12-15 15:21:53,3260,AGUAS DE HELICONIA S.A  E S P,Heliconia,RESIDUOS RESIDENCIALES,41.233333333333334
ODT904,2021-12-18 10:52:05,2021-12-18 11:20:00,5650,AGUAS DE HELICONIA S.A  E S P,Heliconia,RESIDUOS RESIDENCIALES,27.916666666666668
ODT904,2021-12-21 14:32:41,2021-12-21 15:09:10,3850,AGUAS DE HELICONIA S.A  E S P,Heliconia,RESIDUOS RESIDENCIALES,36.483333333333334
ODT904,2021-12-24 13:55:36,2021-12-24 14:23:55,5840,AGUAS DE HELICONIA S.A  E S P,Heliconia,RESIDUOS RESIDENCIALES,28.316666666666666
ODT904,2021-12-28 15:02:38,2021-12-28 15:29:35,4930,AGUAS DE HELICONIA S.A  E S P,Heliconia,RESIDUOS RESIDENCIALES,26.95
ODT904,2021-12-29 20:17:33,2021-12-29 20:41:53,4930,AGUAS DE HELICONIA S.A  E S P,Heliconia,RESIDUOS RESIDENCIALES,24.333333333333332
ODT904,2022-01-03 11:19:12,2022-01-03 11:49:40,6980,AGUAS DE HELICONIA S.A  E S P,Heliconia,RESIDUOS RESIDENCIALES,30.466666666666665
ODT904,2022-01-05 08:21:41,2022-01-05 08:44:12,5050,AGUAS DE HELICONIA S.A  E S P,Heliconia,RESIDUOS RESIDENCIALES,22.516666666666666
ODT904,2022-01-06 21:24:09,2022-01-06 22:04:34,4370,AGUAS DE HELICONIA S.A  E S P,Heliconia,RESIDUOS RESIDENCIALES,40.416666666666664
ODT904,2022-01-07 13:57:03,2022-01-07 14:35:33,4030,AGUAS DE HELICONIA S.A  E S P,Heliconia,RESIDUOS RESIDENCIALES,38.5
ODT904,2022-01-11 14:10:47,2022-01-11 14:35:03,4410,AGUAS DE HELICONIA S.A  E S P,Heliconia,RESIDUOS RESIDENCIALES,24.266666666666666
ODT904,2022-01-12 15:06:18,2022-01-12 15:32:43,3750,AGUAS DE HELICONIA S.A  E S P,Heliconia,RESIDUOS RESIDENCIALES,26.416666666666668
ODT904,2022-01-14 13:52:13,2022-01-14 14:24:40,6350,AGUAS DE HELICONIA S.A  E S P,Heliconia,RESIDUOS RESIDENCIALES,32.45
ODT904,2022-01-18 13:15:46,2022-01-18 13:46:11,4270,AGUAS DE HELICONIA S.A  E S P,Heliconia,RESIDUOS RESIDENCIALES,30.416666666666668
ODT904,2022-01-21 15:30:07,2022-01-21 15:51:24,5700,AGUAS DE HELICONIA S.A  E S P,Heliconia,RESIDUOS RESIDENCIALES,21.283333333333335
ODT904,2022-01-25 16:18:13,2022-01-25 16:48:56,5730,AGUAS DE HELICONIA S.A  E S P,Heliconia,RESIDUOS RESIDENCIALES,30.716666666666665
ODT904,2022-01-28 14:32:51,2022-01-28 15:01:27,5470,AGUAS DE HELICONIA S.A  E S P,Heliconia,RESIDUOS RESIDENCIALES,28.6
ODT904,2022-02-01 12:28:55,2022-02-01 13:08:37,3490,AGUAS DE HELICONIA S.A  E S P,Heliconia,RESIDUOS RESIDENCIALES,39.7
ODT904,2022-02-03 20:54:14,2022-02-03 21:16:23,3070,AGUAS DE HELICONIA S.A  E S P,Heliconia,RESIDUOS RESIDENCIALES,22.15
ODT904,2022-02-07 10:48:28,2022-02-07 11:11:48,3460,AGUAS DE HELICONIA S.A  E S P,Heliconia,RESIDUOS RESIDENCIALES,23.333333333333332
ODT904,2022-02-09 09:56:28,2022-02-09 10:20:17,5450,AGUAS DE HELICONIA S.A  E S P,Heliconia,RESIDUOS RESIDENCIALES,23.816666666666666
ODT904,2022-02-11 14:59:47,2022-02-11 15:22:54,5800,AGUAS DE HELICONIA S.A  E S P,Heliconia,RESIDUOS RESIDENCIALES,23.116666666666667
ODT904,2022-02-16 09:44:39,2022-02-16 10:10:55,4790,AGUAS DE HELICONIA S.A  E S P,Heliconia,RESIDUOS RESIDENCIALES,26.266666666666666
ODT904,2022-02-18 14:15:15,2022-02-18 14:37:26,4680,AGUAS DE HELICONIA S.A  E S P,Heliconia,RESIDUOS RESIDENCIALES,22.183333333333334
ODT904,2022-02-22 15:00:14,2022-02-22 15:44:43,5770,AGUAS DE HELICONIA S.A  E S P,Heliconia,RESIDUOS RESIDENCIALES,44.483333333333334
ODT904,2022-02-25 13:25:21,2022-02-25 13:52:07,7040,AGUAS DE HELICONIA S.A  E S P,Heliconia,RESIDUOS RESIDENCIALES,26.766666666666666
ODT904,2022-03-01 21:04:47,2022-03-01 21:42:22,3260,AGUAS DE HELICONIA S.A  E S P,Heliconia,RESIDUOS RESIDENCIALES,37.583333333333336
ODT904,2022-03-04 13:34:47,2022-03-04 14:03:20,5070,AGUAS DE HELICONIA S.A  E S P,Heliconia,RESIDUOS RESIDENCIALES,28.55
ODT904,2022-03-08 21:09:28,2022-03-08 21:53:11,6030,AGUAS DE HELICONIA S.A  E S P,Heliconia,RESIDUOS RESIDENCIALES,43.71666666666667
ODT904,2022-03-11 13:35:46,2022-03-11 13:57:32,4900,AGUAS DE HELICONIA S.A  E S P,Heliconia,RESIDUOS RESIDENCIALES,21.766666666666666
ODT904,2022-03-16 10:17:44,2022-03-16 10:43:15,5960,AGUAS DE HELICONIA S.A  E S P,Heliconia,RESIDUOS RESIDENCIALES,25.516666666666666
ODT904,2022-03-20 07:41:10,2022-03-20 08:08:01,4930,AGUAS DE HELICONIA S.A  E S P,Heliconia,RESIDUOS RESIDENCIALES,26.85
ODT904,2022-12-19 12:30:00,2022-12-19 13:20:00,6280,AGUAS DE HELICONIA S.A  E S P,Heliconia,RESIDUOS RESIDENCIALES,50.0
ODT904,2022-12-20 14:31:00,2022-12-20 15:26:00,3320,AGUAS DE HELICONIA S.A  E S P,Heliconia,RESIDUOS RESIDENCIALES,55.0
ODT904,2022-12-22 08:22:00,2022-12-22 08:51:00,4770,AGUAS DE HELICONIA S.A  E S P,Heliconia,RESIDUOS RESIDENCIALES,29.0
ODT904,2022-12-24 06:24:00,2022-12-24 06:52:00,5490,AGUAS DE HELICONIA S.A  E S P,Heliconia,RESIDUOS RESIDENCIALES,28.0
ODT904,2022-12-30 15:38:00,2022-12-30 16:12:00,6450,AGUAS DE HELICONIA S.A  E S P,Heliconia,RESIDUOS RESIDENCIALES,34.0
ODT904,2022-12-28 09:31:00,2022-12-28 10:00:00,4540,AGUAS DE HELICONIA S.A  E S P,Heliconia,RESIDUOS RESIDENCIALES,29.0
ODT904,2023-01-03 15:06:00,2023-01-03 15:40:00,5130,AGUAS DE HELICONIA S.A  E S P,Heliconia,RESIDUOS RESIDENCIALES,34.0
ODT904,2023-01-04 16:23:00,2023-01-04 16:54:00,3920,AGUAS DE HELICONIA S.A  E S P,Heliconia,RESIDUOS RESIDENCIALES,31.0
ODT904,2023-01-06 14:16:00,2023-01-06 15:02:00,6410,AGUAS DE HELICONIA S.A  E S P,Heliconia,RESIDUOS RESIDENCIALES,46.0
ODT904,2023-01-08 12:13:00,2023-01-08 12:40:00,3470,AGUAS DE HELICONIA S.A  E S P,Heliconia,RESIDUOS RESIDENCIALES,27.0
ODT904,2022-03-23 09:32:35,2022-03-23 10:29:19,6810,AGUAS DE HELICONIA S.A  E S P,Heliconia,RESIDUOS RESIDENCIALES,56.733333333333334
ODT904,2022-03-28 12:04:51,2022-03-28 12:40:17,6750,AGUAS DE HELICONIA S.A  E S P,Heliconia,RESIDUOS RESIDENCIALES,35.43333333333333
ODT904,2022-03-29 15:04:54,2022-03-29 15:40:47,3220,AGUAS DE HELICONIA S.A  E S P,Heliconia,RESIDUOS RESIDENCIALES,35.88333333333333
ODT904,2022-04-01 14:56:17,2022-04-01 15:30:22,5540,AGUAS DE HELICONIA S.A  E S P,Heliconia,RESIDUOS RESIDENCIALES,34.083333333333336
ODT904,2022-04-05 15:08:45,2022-04-05 15:32:55,6460,AGUAS DE HELICONIA S.A  E S P,Heliconia,RESIDUOS RESIDENCIALES,24.166666666666668
ODT904,2022-04-08 14:58:55,2022-04-08 15:36:09,5760,AGUAS DE HELICONIA S.A  E S P,Heliconia,RESIDUOS RESIDENCIALES,37.233333333333334
ODT904,2022-04-12 13:39:20,2022-04-12 14:06:29,5300,AGUAS DE HELICONIA S.A  E S P,Heliconia,RESIDUOS RESIDENCIALES,27.15
ODT904,2022-04-16 07:22:32,2022-04-16 07:44:45,4070,AGUAS DE HELICONIA S.A  E S P,Heliconia,RESIDUOS RESIDENCIALES,22.216666666666665
ODT904,2022-04-19 14:23:28,2022-04-19 14:57:27,5560,AGUAS DE HELICONIA S.A  E S P,Heliconia,RESIDUOS RESIDENCIALES,33.983333333333334
ODT904,2022-04-20 16:58:47,2022-04-20 17:29:55,3130,AGUAS DE HELICONIA S.A  E S P,Heliconia,RESIDUOS RESIDENCIALES,31.133333333333333
ODT904,2022-04-22 15:31:03,2022-04-22 15:56:18,5370,AGUAS DE HELICONIA S.A  E S P,Heliconia,RESIDUOS RESIDENCIALES,25.25
ODT904,2022-04-26 13:50:13,2022-04-26 14:37:25,5470,AGUAS DE HELICONIA S.A  E S P,Heliconia,RESIDUOS RESIDENCIALES,47.2
ODT904,2022-04-30 10:22:08,2022-04-30 10:49:18,5730,AGUAS DE HELICONIA S.A  E S P,Heliconia,RESIDUOS RESIDENCIALES,27.166666666666668
ODT904,2022-05-04 10:54:31,2022-05-04 11:23:35,5810,AGUAS DE HELICONIA S.A  E S P,Heliconia,RESIDUOS RESIDENCIALES,29.066666666666666
ODT904,2022-05-09 09:37:05,2022-05-09 10:03:10,4400,AGUAS DE HELICONIA S.A  E S P,Heliconia,RESIDUOS RESIDENCIALES,26.083333333333332
ODT904,2022-05-11 10:20:07,2022-05-11 10:40:54,2470,AGUAS DE HELICONIA S.A  E S P,Heliconia,RESIDUOS RESIDENCIALES,20.783333333333335
ODT904,2022-05-15 08:05:49,2022-05-15 08:32:52,7090,AGUAS DE HELICONIA S.A  E S P,Heliconia,RESIDUOS RESIDENCIALES,27.05
ODT904,2022-05-18 10:14:43,2022-05-18 10:45:16,6100,AGUAS DE HELICONIA S.A  E S P,Heliconia,RESIDUOS RESIDENCIALES,30.55
ODT904,2022-05-20 13:55:56,2022-05-20 14:23:58,4270,AGUAS DE HELICONIA S.A  E S P,Heliconia,RESIDUOS RESIDENCIALES,28.033333333333335
ODT904,2022-05-24 15:31:08,2022-05-24 16:12:04,3310,AGUAS DE HELICONIA S.A  E S P,Heliconia,RESIDUOS RESIDENCIALES,40.93333333333333
ODT904,2022-05-28 11:30:13,2022-05-28 12:06:12,6220,AGUAS DE HELICONIA S.A  E S P,Heliconia,RESIDUOS RESIDENCIALES,35.983333333333334
ODT904,2022-06-01 10:32:34,2022-06-01 11:03:48,6370,AGUAS DE HELICONIA S.A  E S P,Heliconia,RESIDUOS RESIDENCIALES,31.233333333333334
ODT904,2022-06-03 21:33:07,2022-06-03 22:37:33,4870,AGUAS DE HELICONIA S.A  E S P,Heliconia,RESIDUOS RESIDENCIALES,64.43333333333334
ODT904,2022-06-08 10:17:21,2022-06-08 10:54:25,3640,AGUAS DE HELICONIA S.A  E S P,Heliconia,RESIDUOS RESIDENCIALES,37.06666666666667
ODT904,2022-06-10 15:05:19,2022-06-10 15:38:20,7490,AGUAS DE HELICONIA S.A  E S P,Heliconia,RESIDUOS RESIDENCIALES,33.016666666666666
ODT904,2022-06-15 12:31:36,2022-06-15 13:18:06,4560,AGUAS DE HELICONIA S.A  E S P,Heliconia,RESIDUOS RESIDENCIALES,46.5
ODT904,2022-06-17 14:21:34,2022-06-17 14:54:56,4730,AGUAS DE HELICONIA S.A  E S P,Heliconia,RESIDUOS RESIDENCIALES,33.36666666666667
ODT904,2022-06-21 17:03:06,2022-06-21 17:37:19,6780,AGUAS DE HELICONIA S.A  E S P,Heliconia,RESIDUOS RESIDENCIALES,34.21666666666667
ODT904,2022-06-23 12:40:18,2022-06-23 13:16:28,4900,AGUAS DE HELICONIA S.A  E S P,Heliconia,RESIDUOS RESIDENCIALES,36.166666666666664
ODT904,2022-06-28 18:43:17,2022-06-28 19:09:38,6090,AGUAS DE HELICONIA S.A  E S P,Heliconia,RESIDUOS RESIDENCIALES,26.35
ODT904,2022-07-01 14:59:26,2022-07-01 15:23:39,5640,AGUAS DE HELICONIA S.A  E S P,Heliconia,RESIDUOS RESIDENCIALES,24.216666666666665
ODT904,2022-07-05 17:09:44,2022-07-05 17:56:43,6490,AGUAS DE HELICONIA S.A  E S P,Heliconia,RESIDUOS RESIDENCIALES,46.983333333333334
ODT904,2022-07-08 21:23:45,2022-07-08 21:47:39,5410,AGUAS DE HELICONIA S.A  E S P,Heliconia,RESIDUOS RESIDENCIALES,23.9
ODT904,2022-07-12 13:58:51,2022-07-12 14:23:12,2720,AGUAS DE HELICONIA S.A  E S P,Heliconia,RESIDUOS RESIDENCIALES,24.35
ODT904,2022-07-15 13:53:24,2022-07-15 14:18:38,6710,AGUAS DE HELICONIA S.A  E S P,Heliconia,RESIDUOS RESIDENCIALES,25.233333333333334
ODT904,2022-07-19 16:39:51,2022-07-19 17:06:48,6450,AGUAS DE HELICONIA S.A  E S P,Heliconia,RESIDUOS RESIDENCIALES,26.95
ODT904,2022-07-22 15:25:12,2022-07-22 15:57:46,6170,AGUAS DE HELICONIA S.A  E S P,Heliconia,RESIDUOS RESIDENCIALES,32.56666666666667
ODT904,2022-07-27 10:18:09,2022-07-27 10:45:11,3550,AGUAS DE HELICONIA S.A  E S P,Heliconia,RESIDUOS RESIDENCIALES,27.033333333333335
ODT904,2022-07-29 13:06:57,2022-07-29 13:37:19,5580,AGUAS DE HELICONIA S.A  E S P,Heliconia,RESIDUOS RESIDENCIALES,30.366666666666667
ODT904,2022-07-31 14:00:56,2022-07-31 14:29:05,3190,AGUAS DE HELICONIA S.A  E S P,Heliconia,RESIDUOS RESIDENCIALES,28.15
ODT904,2022-08-02 20:45:19,2022-08-02 21:12:22,6390,AGUAS DE HELICONIA S.A  E S P,Heliconia,RESIDUOS RESIDENCIALES,27.05
ODT904,2022-08-05 13:52:01,2022-08-05 14:27:23,5310,AGUAS DE HELICONIA S.A  E S P,Heliconia,RESIDUOS RESIDENCIALES,35.36666666666667
ODT904,2022-08-11 14:51:03,2022-08-11 15:24:54,5710,AGUAS DE HELICONIA S.A  E S P,Heliconia,RESIDUOS RESIDENCIALES,33.85
ODT904,2022-08-13 09:36:34,2022-08-13 09:57:49,5440,AGUAS DE HELICONIA S.A  E S P,Heliconia,RESIDUOS RESIDENCIALES,21.25
ODT904,2022-08-16 17:58:58,2022-08-16 18:45:49,5980,AGUAS DE HELICONIA S.A  E S P,Heliconia,RESIDUOS RESIDENCIALES,46.85
ODT904,2022-08-20 09:11:16,2022-08-20 09:34:13,5470,AGUAS DE HELICONIA S.A  E S P,Heliconia,RESIDUOS RESIDENCIALES,22.95
ODT904,2022-08-25 13:49:16,2022-08-25 14:17:33,6280,AGUAS DE HELICONIA S.A  E S P,Heliconia,RESIDUOS RESIDENCIALES,28.283333333333335
ODT904,2022-08-26 21:04:37,2022-08-26 21:46:17,7250,AGUAS DE HELICONIA S.A  E S P,Heliconia,RESIDUOS RESIDENCIALES,41.666666666666664
ODT904,2022-08-30 18:11:50,2022-08-30 18:40:03,6910,AGUAS DE HELICONIA S.A  E S P,Heliconia,RESIDUOS RESIDENCIALES,28.216666666666665
ODT904,2022-09-03 10:30:21,2022-09-03 11:00:29,5120,AGUAS DE HELICONIA S.A  E S P,Heliconia,RESIDUOS RESIDENCIALES,30.133333333333333
ODT904,2022-09-07 13:13:22,2022-09-07 13:41:20,4710,AGUAS DE HELICONIA S.A  E S P,Heliconia,RESIDUOS RESIDENCIALES,27.966666666666665
ODT904,2022-09-09 20:43:04,2022-09-09 21:24:38,4670,AGUAS DE HELICONIA S.A  E S P,Heliconia,RESIDUOS RESIDENCIALES,41.56666666666667
ODT904,2022-09-13 16:09:54,2022-09-13 16:44:22,6060,AGUAS DE HELICONIA S.A  E S P,Heliconia,RESIDUOS RESIDENCIALES,34.46666666666667
ODT904,2022-09-15 15:02:14,2022-09-15 15:31:18,3730,AGUAS DE HELICONIA S.A  E S P,Heliconia,RESIDUOS RESIDENCIALES,29.066666666666666
ODT904,2022-09-19 11:33:42,2022-09-19 12:01:25,5630,AGUAS DE HELICONIA S.A  E S P,Heliconia,RESIDUOS RESIDENCIALES,27.716666666666665
ODT904,2022-09-20 13:39:58,2022-09-20 14:42:33,3280,AGUAS DE HELICONIA S.A  E S P,Heliconia,RESIDUOS RESIDENCIALES,62.583333333333336
ODT904,2022-09-24 09:38:21,2022-09-24 10:01:43,5320,AGUAS DE HELICONIA S.A  E S P,Heliconia,RESIDUOS RESIDENCIALES,23.366666666666667
ODT904,2022-09-28 09:46:30,2022-09-28 10:14:42,5490,AGUAS DE HELICONIA S.A  E S P,Heliconia,RESIDUOS RESIDENCIALES,28.2
ODT904,2022-10-03 15:15:22,2022-10-03 15:49:38,6520,AGUAS DE HELICONIA S.A  E S P,Heliconia,RESIDUOS RESIDENCIALES,34.266666666666666
ODT904,2022-10-04 13:56:34,2022-10-04 14:37:31,2770,AGUAS DE HELICONIA S.A  E S P,Heliconia,RESIDUOS RESIDENCIALES,40.95
ODT904,2022-10-08 09:35:53,2022-10-08 10:07:36,4280,AGUAS DE HELICONIA S.A  E S P,Heliconia,RESIDUOS RESIDENCIALES,31.716666666666665
ODT904,2022-10-12 09:49:21,2022-10-12 10:18:57,5920,AGUAS DE HELICONIA S.A  E S P,Heliconia,RESIDUOS RESIDENCIALES,29.6
ODT904,2022-10-15 08:21:34,2022-10-15 08:47:04,6290,AGUAS DE HELICONIA S.A  E S P,Heliconia,RESIDUOS RESIDENCIALES,25.5
ODT904,2022-10-18 15:08:12,2022-10-18 15:42:21,4300,AGUAS DE HELICONIA S.A  E S P,Heliconia,RESIDUOS RESIDENCIALES,34.15
ODT904,2022-10-21 15:37:55,2022-10-21 16:05:24,4990,AGUAS DE HELICONIA S.A  E S P,Heliconia,RESIDUOS RESIDENCIALES,27.483333333333334
ODT904,2022-10-25 17:52:34,2022-10-25 18:20:09,6670,AGUAS DE HELICONIA S.A  E S P,Heliconia,RESIDUOS RESIDENCIALES,27.583333333333332
ODT904,2022-10-31 12:31:23,2022-10-31 13:09:02,7080,AGUAS DE HELICONIA S.A  E S P,Heliconia,RESIDUOS RESIDENCIALES,37.65
ODT904,2022-11-01 13:56:53,2022-11-01 14:43:43,2950,AGUAS DE HELICONIA S.A  E S P,Heliconia,RESIDUOS RESIDENCIALES,46.833333333333336
ODT904,2022-11-05 10:30:00,2022-11-05 11:00:24,4670,AGUAS DE HELICONIA S.A  E S P,Heliconia,RESIDUOS RESIDENCIALES,30.4
ODT904,2022-11-08 16:39:34,2022-11-08 17:26:05,5070,AGUAS DE HELICONIA S.A  E S P,Heliconia,RESIDUOS RESIDENCIALES,46.516666666666666
ODT904,2022-11-11 16:45:00,2022-11-11 17:25:33,6570,AGUAS DE HELICONIA S.A  E S P,Heliconia,RESIDUOS RESIDENCIALES,40.55
ODT904,2022-11-16 10:26:24,2022-11-16 11:02:46,3790,AGUAS DE HELICONIA S.A  E S P,Heliconia,RESIDUOS RESIDENCIALES,36.36666666666667
ODT904,2022-11-20 16:29:33,2022-11-20 17:07:09,5250,AGUAS DE HELICONIA S.A  E S P,Heliconia,RESIDUOS RESIDENCIALES,37.6
ODT904,2022-11-22 13:18:26,2022-11-22 14:54:18,4030,AGUAS DE HELICONIA S.A  E S P,Heliconia,RESIDUOS RESIDENCIALES,95.86666666666666
ODT904,2022-11-24 20:49:16,2022-11-24 21:59:54,4150,AGUAS DE HELICONIA S.A  E S P,Heliconia,RESIDUOS RESIDENCIALES,70.63333333333334
ODT904,2022-11-26 11:44:19,2022-11-26 12:18:04,3340,AGUAS DE HELICONIA S.A  E S P,Heliconia,RESIDUOS RESIDENCIALES,33.75
ODT904,2022-11-29 16:19:31,2022-11-29 16:50:39,3490,AGUAS DE HELICONIA S.A  E S P,Heliconia,RESIDUOS RESIDENCIALES,31.133333333333333
ODT904,2022-12-02 21:29:17,2022-12-02 22:09:42,5740,AGUAS DE HELICONIA S.A  E S P,Heliconia,RESIDUOS RESIDENCIALES,40.416666666666664
ODT904,2022-12-05 15:17:34,2022-12-05 15:54:41,5430,AGUAS DE HELICONIA S.A  E S P,Heliconia,RESIDUOS RESIDENCIALES,37.11666666666667
ODT904,2022-12-06 15:33:11,2022-12-06 16:13:02,3520,AGUAS DE HELICONIA S.A  E S P,Heliconia,RESIDUOS RESIDENCIALES,39.85
ODT904,2022-12-08 12:21:53,2022-12-08 12:54:10,3640,AGUAS DE HELICONIA S.A  E S P,Heliconia,RESIDUOS RESIDENCIALES,32.28333333333333
ODT904,2022-12-10 10:23:53,2022-12-10 11:01:42,3680,AGUAS DE HELICONIA S.A  E S P,Heliconia,RESIDUOS RESIDENCIALES,37.81666666666667
ODT904,2022-12-13 15:41:00,2022-12-13 16:16:00,4030,AGUAS DE HELICONIA S.A  E S P,Heliconia,RESIDUOS RESIDENCIALES,35.0
ODT904,2023-01-11 09:15:05,2023-01-11 09:43:24,4540,AGUAS DE HELICONIA S.A  E S P,Heliconia,RESIDUOS RESIDENCIALES,28.316666666666666
ODT904,2023-01-13 15:54:03,2023-01-13 16:24:28,6150,AGUAS DE HELICONIA S.A  E S P,Heliconia,RESIDUOS RESIDENCIALES,30.416666666666668
ODT904,2023-01-17 14:58:55,2023-01-17 15:28:27,3370,AGUAS DE HELICONIA S.A  E S P,Heliconia,RESIDUOS RESIDENCIALES,29.533333333333335
ODT904,2023-01-18 16:49:40,2023-01-18 17:18:06,4440,AGUAS DE HELICONIA S.A  E S P,Heliconia,RESIDUOS RESIDENCIALES,28.433333333333334
ODT904,2023-01-23 10:17:49,2023-01-23 10:47:45,5820,AGUAS DE HELICONIA S.A  E S P,Heliconia,RESIDUOS RESIDENCIALES,29.933333333333334
ODT904,2023-01-25 09:50:59,2023-01-25 10:18:53,3480,AGUAS DE HELICONIA S.A  E S P,Heliconia,PAPEL,27.9
ODT904,2023-01-27 15:23:57,2023-01-27 15:59:17,4740,AGUAS DE HELICONIA S.A  E S P,Heliconia,RESIDUOS RESIDENCIALES,35.333333333333336
ODT904,2023-02-01 07:41:41,2023-02-01 08:24:32,4990,AGUAS DE HELICONIA S.A  E S P,Heliconia,RESIDUOS RESIDENCIALES,42.85
ODT904,2023-02-03 17:49:13,2023-02-03 18:25:00,5000,AGUAS DE HELICONIA S.A  E S P,Heliconia,RESIDUOS RESIDENCIALES,35.78333333333333
ODT904,2023-02-07 16:47:55,2023-02-07 17:20:35,5080,AGUAS DE HELICONIA S.A  E S P,Heliconia,RESIDUOS RESIDENCIALES,32.666666666666664
ODT904,2023-02-10 17:20:32,2023-02-10 17:53:31,4800,AGUAS DE HELICONIA S.A  E S P,Heliconia,RESIDUOS RESIDENCIALES,32.983333333333334
ODT904,2023-02-15 07:51:33,2023-02-15 08:23:07,5400,AGUAS DE HELICONIA S.A  E S P,Heliconia,RESIDUOS RESIDENCIALES,31.566666666666666
ODT904,2023-02-20 12:57:56,2023-02-20 13:29:38,5580,AGUAS DE HELICONIA S.A  E S P,Heliconia,RESIDUOS RESIDENCIALES,31.7
ODT904,2023-02-22 11:38:22,2023-02-22 12:32:23,3320,AGUAS DE HELICONIA S.A  E S P,Heliconia,RESIDUOS RESIDENCIALES,54.016666666666666
ODT904,2023-02-27 08:55:09,2023-02-27 09:23:25,4250,AGUAS DE HELICONIA S.A  E S P,Heliconia,ORDINARIOS E INERTES,28.266666666666666
ODT904,2023-03-01 12:02:28,2023-03-01 12:50:45,5100,AGUAS DE HELICONIA S.A  E S P,Heliconia,ORDINARIOS E INERTES,48.28333333333333
ODT904,2023-03-07 12:28:26,2023-03-07 12:58:44,6850,AGUAS DE HELICONIA S.A  E S P,Heliconia,ORDINARIOS E INERTES,30.3
ODT904,2023-03-07 14:36:07,2023-03-07 15:11:07,3210,AGUAS DE HELICONIA S.A  E S P,Heliconia,ORDINARIOS E INERTES,35.0
ODT904,2023-03-13 10:22:34,2023-03-13 11:02:34,5100,AGUAS DE HELICONIA S.A  E S P,Heliconia,ORDINARIOS E INERTES,40.0
ODT904,2023-03-14 17:56:17,2023-03-14 18:24:34,5580,AGUAS DE HELICONIA S.A  E S P,Heliconia,ORDINARIOS E INERTES,28.283333333333335
ODT904,2023-03-01 12:02:36,2023-03-01 12:50:39,5100,AGUAS DE HELICONIA S.A  E S P,Heliconia,ORDINARIOS E INERTES,48.05
ODT904,2023-03-20 13:02:54,2023-03-20 13:39:34,7030,AGUAS DE HELICONIA S.A  E S P,Heliconia,ORDINARIOS E INERTES,36.666666666666664
ODT904,2023-03-21 15:21:02,2023-03-21 15:54:57,3660,AGUAS DE HELICONIA S.A  E S P,Heliconia,ORDINARIOS E INERTES,33.916666666666664
ODT904,2023-03-24 16:37:40,2023-03-24 17:15:15,4450,AGUAS DE HELICONIA S.A  E S P,Heliconia,ORDINARIOS E INERTES,37.583333333333336
ODT904,2023-03-06 10:31:41,2023-03-06 11:09:03,5850,AGUAS DE HELICONIA S.A  E S P,Heliconia,ORDINARIOS E INERTES,37.36666666666667
ODT904,2023-03-29 12:27:42,2023-03-29 13:31:05,6910,AGUAS DE HELICONIA S.A  E S P,Heliconia,ORDINARIOS E INERTES,63.38333333333333
ODT904,2023-04-03 09:54:36,2023-04-03 10:22:50,6320,AGUAS DE HELICONIA S.A  E S P,Heliconia,ORDINARIOS E INERTES,28.233333333333334
ODT904,2023-04-04 15:06:00,2023-04-04 15:43:19,4570,AGUAS DE HELICONIA S.A  E S P,Heliconia,ORDINARIOS E INERTES,37.31666666666667
ODT904,2023-04-10 10:15:46,2023-04-10 10:56:18,4490,AGUAS DE HELICONIA S.A  E S P,Heliconia,ORDINARIOS E INERTES,40.53333333333333
ODT904,2023-04-11 16:31:20,2023-04-11 17:02:10,3570,AGUAS DE HELICONIA S.A  E S P,Heliconia,ORDINARIOS E INERTES,30.833333333333332
ODT904,2023-04-13 15:00:08,2023-04-13 15:54:34,5330,AGUAS DE HELICONIA S.A  E S P,Heliconia,ORDINARIOS E INERTES,54.43333333333333
ODT904,2023-04-14 15:00:48,2023-04-14 15:39:14,3320,AGUAS DE HELICONIA S.A  E S P,Heliconia,ORDINARIOS E INERTES,38.43333333333333
ODT904,2023-04-19 09:29:52,2023-04-19 09:59:08,4830,AGUAS DE HELICONIA S.A  E S P,Heliconia,ORDINARIOS E INERTES,29.266666666666666
ODT904,2023-04-21 14:21:34,2023-04-21 14:55:16,4340,AGUAS DE HELICONIA S.A  E S P,Heliconia,ORDINARIOS E INERTES,33.7
ODT904,2023-04-25 16:54:57,2023-04-25 17:23:31,5480,AGUAS DE HELICONIA S.A  E S P,Heliconia,ORDINARIOS E INERTES,28.566666666666666
ODT904,2023-04-28 16:07:04,2023-04-28 16:59:41,4440,AGUAS DE HELICONIA S.A  E S P,Heliconia,ORDINARIOS E INERTES,52.61666666666667
ODT904,2023-05-03 09:47:13,2023-05-03 10:13:42,5280,AGUAS DE HELICONIA S.A  E S P,Heliconia,ORDINARIOS E INERTES,26.483333333333334
ODT904,2023-05-06 08:17:25,2023-05-06 08:49:46,4860,AGUAS DE HELICONIA S.A  E S P,Heliconia,ORDINARIOS E INERTES,32.35
ODT904,2023-05-09 17:20:47,2023-05-09 17:52:38,5560,AGUAS DE HELICONIA S.A  E S P,Heliconia,ORDINARIOS E INERTES,31.85
ODT904,2023-05-15 11:09:53,2023-05-15 11:41:08,6020,AGUAS DE HELICONIA S.A  E S P,Heliconia,ORDINARIOS E INERTES,31.25
ODT904,2023-05-16 15:37:50,2023-05-16 16:07:53,3180,AGUAS DE HELICONIA S.A  E S P,Heliconia,ORDINARIOS E INERTES,30.05
ODT904,2023-05-19 16:03:21,2023-05-19 16:32:52,4880,AGUAS DE HELICONIA S.A  E S P,Heliconia,ORDINARIOS E INERTES,29.516666666666666
ODT904,2023-05-25 10:34:29,2023-05-25 11:17:50,6280,AGUAS DE HELICONIA S.A  E S P,Heliconia,ORDINARIOS E INERTES,43.35
ODT904,2023-05-29 10:43:02,2023-05-29 11:18:04,7500,AGUAS DE HELICONIA S.A  E S P,Heliconia,ORDINARIOS E INERTES,35.03333333333333
ODT904,2023-05-31 15:21:08,2023-05-31 16:13:10,3670,AGUAS DE HELICONIA S.A  E S P,Heliconia,ORDINARIOS E INERTES,52.03333333333333
ODT904,2023-06-03 15:02:41,2023-06-03 15:41:22,6090,AGUAS DE HELICONIA S.A  E S P,Heliconia,ORDINARIOS E INERTES,38.68333333333333
ODT904,2023-06-07 12:46:08,2023-06-07 13:32:17,5730,AGUAS DE HELICONIA S.A  E S P,Heliconia,ORDINARIOS E INERTES,46.15
ODT904,2023-06-11 17:05:27,2023-06-11 17:34:58,7350,AGUAS DE HELICONIA S.A  E S P,Heliconia,ORDINARIOS E INERTES,29.516666666666666
ODT904,2023-06-13 17:03:56,2023-06-13 17:32:26,3960,AGUAS DE HELICONIA S.A  E S P,Heliconia,ORDINARIOS E INERTES,28.5
ODT904,2023-06-16 20:33:25,2023-06-16 21:00:43,6840,AGUAS DE HELICONIA S.A  E S P,Heliconia,ORDINARIOS E INERTES,27.3
ODT904,2023-06-20 21:57:52,2023-06-20 22:26:02,6120,AGUAS DE HELICONIA S.A  E S P,Heliconia,ORDINARIOS E INERTES,28.166666666666668
ODT904,2023-06-26 11:30:54,2023-06-26 12:06:37,7470,AGUAS DE HELICONIA S.A  E S P,Heliconia,ORDINARIOS E INERTES,35.71666666666667
ODT904,2023-06-28 11:35:36,2023-06-28 12:15:26,4570,AGUAS DE HELICONIA S.A  E S P,Heliconia,ORDINARIOS E INERTES,39.833333333333336
ODT904,2023-07-01 09:50:39,2023-07-01 10:16:35,4510,AGUAS DE HELICONIA S.A  E S P,Heliconia,ORDINARIOS E INERTES,25.933333333333334
ODT904,2023-07-05 11:27:46,2023-07-05 12:46:43,6550,AGUAS DE HELICONIA S.A  E S P,Heliconia,ORDINARIOS E INERTES,78.95
ODT904,2023-07-10 11:48:12,2023-07-10 12:46:05,7510,AGUAS DE HELICONIA S.A  E S P,Heliconia,ORDINARIOS E INERTES,57.88333333333333
ODT904,2023-07-12 10:39:35,2023-07-12 11:25:33,4670,AGUAS DE HELICONIA S.A  E S P,Heliconia,ORDINARIOS E INERTES,45.96666666666667
ODT904,2023-07-17 10:40:08,2023-07-17 11:13:05,5160,AGUAS DE HELICONIA S.A  E S P,Heliconia,ORDINARIOS E INERTES,32.95
ODT904,2023-07-18 17:11:57,2023-07-18 17:40:11,4360,AGUAS DE HELICONIA S.A  E S P,Heliconia,ORDINARIOS E INERTES,28.233333333333334
ODT904,2023-07-21 16:29:06,2023-07-21 17:00:02,6010,AGUAS DE HELICONIA S.A  E S P,Heliconia,ORDINARIOS E INERTES,30.933333333333334
ODT904,2023-07-24 08:28:23,2023-07-24 08:51:28,3370,AGUAS DE HELICONIA S.A  E S P,Heliconia,ORDINARIOS E INERTES,23.083333333333332
ODT904,2023-07-26 09:29:35,2023-07-26 09:54:27,3870,AGUAS DE HELICONIA S.A  E S P,Heliconia,ORDINARIOS E INERTES,24.866666666666667
ODT904,2023-07-29 10:50:37,2023-07-29 11:28:18,5720,AGUAS DE HELICONIA S.A  E S P,Heliconia,ORDINARIOS E INERTES,37.68333333333333
ODT904,2023-08-02 09:42:38,2023-08-02 10:09:40,6590,AGUAS DE HELICONIA S.A  E S P,Heliconia,ORDINARIOS E INERTES,27.033333333333335
ODT904,2023-08-03 21:14:52,2023-08-03 21:43:16,3130,AGUAS DE HELICONIA S.A  E S P,Heliconia,ORDINARIOS E INERTES,28.4
ODT904,2023-08-09 09:45:44,2023-08-09 10:15:51,6290,AGUAS DE HELICONIA S.A  E S P,Heliconia,ORDINARIOS E INERTES,30.116666666666667
ODT904,2023-08-11 21:30:48,2023-08-11 21:58:11,5480,AGUAS DE HELICONIA S.A  E S P,Heliconia,ORDINARIOS E INERTES,27.383333333333333
ODT904,2023-08-16 09:50:57,2023-08-16 10:19:39,5490,AGUAS DE HELICONIA S.A  E S P,Heliconia,ORDINARIOS E INERTES,28.7
ODT904,2023-08-21 15:44:18,2023-08-21 16:12:23,7260,AGUAS DE HELICONIA S.A  E S P,Heliconia,ORDINARIOS E INERTES,28.083333333333332
ODT904,2023-08-24 10:35:23,2023-08-24 11:41:29,4310,AGUAS DE HELICONIA S.A  E S P,Heliconia,ORDINARIOS E INERTES,66.1
ODT904,2023-08-28 10:22:47,2023-08-28 10:52:09,6470,AGUAS DE HELICONIA S.A  E S P,Heliconia,ORDINARIOS E INERTES,29.366666666666667
ODT904,2023-08-31 10:37:18,2023-08-31 11:26:42,6390,AGUAS DE HELICONIA S.A  E S P,Heliconia,ORDINARIOS E INERTES,49.4
ODT904,2023-09-04 07:10:43,2023-09-04 07:49:23,6720,AGUAS DE HELICONIA S.A  E S P,Heliconia,ORDINARIOS E INERTES,38.666666666666664
ODT904,2023-09-06 07:06:31,2023-09-06 07:36:47,3370,AGUAS DE HELICONIA S.A  E S P,Heliconia,ORDINARIOS E INERTES,30.266666666666666
ODT904,2023-09-10 11:50:47,2023-09-10 12:17:01,5430,AGUAS DE HELICONIA S.A  E S P,Heliconia,ORDINARIOS E INERTES,26.233333333333334
ODT904,2023-09-12 20:57:11,2023-09-12 21:27:16,5460,AGUAS DE HELICONIA S.A  E S P,Heliconia,ORDINARIOS E INERTES,30.083333333333332
ODT904,2023-09-15 16:19:50,2023-09-15 17:07:24,5600,AGUAS DE HELICONIA S.A  E S P,Heliconia,ORDINARIOS E INERTES,47.56666666666667
ODT904,2023-09-22 00:49:17,2023-09-22 02:33:44,5110,AGUAS DE HELICONIA S.A  E S P,Heliconia,ORDINARIOS E INERTES,104.45
ODT904,2023-09-23 09:27:42,2023-09-23 09:58:41,5120,AGUAS DE HELICONIA S.A  E S P,Heliconia,ORDINARIOS E INERTES,30.983333333333334
ODT904,2023-09-26 16:17:03,2023-09-26 16:50:34,4700,AGUAS DE HELICONIA S.A  E S P,Heliconia,ORDINARIOS E INERTES,33.516666666666666
ODT904,2023-09-28 13:36:42,2023-09-28 14:17:02,3650,AGUAS DE HELICONIA S.A  E S P,Heliconia,ORDINARIOS E INERTES,40.333333333333336
ODT904,2023-10-02 10:03:21,2023-10-02 10:30:55,4340,AGUAS DE HELICONIA S.A  E S P,Heliconia,ORDINARIOS E INERTES,27.566666666666666
ODT904,2023-10-03 15:41:07,2023-10-03 16:15:56,3080,AGUAS DE HELICONIA S.A  E S P,Heliconia,ORDINARIOS E INERTES,34.81666666666667
ODT904,2023-10-06 16:33:31,2023-10-06 17:01:10,5820,AGUAS DE HELICONIA S.A  E S P,Heliconia,ORDINARIOS E INERTES,27.65
ODT904,2023-10-10 16:37:46,2023-10-10 17:14:04,4130,AGUAS DE HELICONIA S.A  E S P,Heliconia,ORDINARIOS E INERTES,36.3
ODT904,2023-10-12 20:36:15,2023-10-12 21:05:01,5040,AGUAS DE HELICONIA S.A  E S P,Heliconia,ORDINARIOS E INERTES,28.766666666666666
ODT904,2023-10-16 16:35:24,2023-10-16 17:05:04,3570,AGUAS DE HELICONIA S.A  E S P,Heliconia,ORDINARIOS E INERTES,29.666666666666668
ODT904,2023-10-17 16:15:13,2023-10-17 16:43:52,4480,AGUAS DE HELICONIA S.A  E S P,Heliconia,ORDINARIOS E INERTES,28.65
ODT904,2023-10-23 17:06:02,2023-10-23 17:35:42,6680,AGUAS DE HELICONIA S.A  E S P,Heliconia,ORDINARIOS E INERTES,29.666666666666668
ODT904,2023-10-24 21:30:14,2023-10-24 22:03:45,5940,AGUAS DE HELICONIA S.A  E S P,Heliconia,ORDINARIOS E INERTES,33.516666666666666
ODT904,2023-10-27 16:28:08,2023-10-27 17:01:51,6910,AGUAS DE HELICONIA S.A  E S P,Heliconia,ORDINARIOS E INERTES,33.71666666666667
ODT904,2023-11-02 10:13:30,2023-11-02 10:52:45,3800,AGUAS DE HELICONIA S.A  E S P,Heliconia,ORDINARIOS E INERTES,39.25
ODT904,2023-11-04 08:09:57,2023-11-04 08:49:42,6110,AGUAS DE HELICONIA S.A  E S P,Heliconia,ORDINARIOS E INERTES,39.75
ODT904,2023-11-07 17:04:16,2023-11-07 17:39:43,4810,AGUAS DE HELICONIA S.A  E S P,Heliconia,ORDINARIOS E INERTES,35.45
ODT904,2023-11-09 14:19:09,2023-11-09 14:57:31,5060,AGUAS DE HELICONIA S.A  E S P,Heliconia,ORDINARIOS E INERTES,38.36666666666667
ODT904,2023-11-10 16:15:02,2023-11-10 16:52:16,5450,AGUAS DE HELICONIA S.A  E S P,Heliconia,ORDINARIOS E INERTES,37.233333333333334
ODT904,2023-11-15 10:39:45,2023-11-15 11:16:19,4330,AGUAS DE HELICONIA S.A  E S P,Heliconia,ORDINARIOS E INERTES,36.56666666666667
ODT904,2023-11-20 13:14:42,2023-11-20 14:44:20,6840,AGUAS DE HELICONIA S.A  E S P,Heliconia,ORDINARIOS E INERTES,89.63333333333334
ODT904,2023-11-21 18:10:00,2023-11-21 18:41:43,4370,AGUAS DE HELICONIA S.A  E S P,Heliconia,ORDINARIOS E INERTES,31.716666666666665
ODT904,2023-11-23 17:15:34,2023-11-23 18:04:21,4460,AGUAS DE HELICONIA S.A  E S P,Heliconia,ORDINARIOS E INERTES,48.78333333333333
ODT904,2023-11-27 15:56:02,2023-11-27 16:34:38,5010,AGUAS DE HELICONIA S.A  E S P,Heliconia,ORDINARIOS E INERTES,38.6
ODT904,2023-11-28 20:10:27,2023-11-28 20:42:47,4800,AGUAS DE HELICONIA S.A  E S P,Heliconia,ORDINARIOS E INERTES,32.333333333333336
ODT904,2023-12-04 06:49:51,2023-12-04 07:44:01,5030,AGUAS DE HELICONIA S.A  E S P,Heliconia,ORDINARIOS E INERTES,54.166666666666664
ODT904,2023-12-05 19:34:40,2023-12-05 20:18:34,4020,AGUAS DE HELICONIA S.A  E S P,Heliconia,ORDINARIOS E INERTES,43.9
ODT904,2023-12-06 19:37:34,2023-12-06 20:11:55,4440,AGUAS DE HELICONIA S.A  E S P,Heliconia,ORDINARIOS E INERTES,34.35
ODT904,2023-12-11 09:42:23,2023-12-11 10:13:30,5850,AGUAS DE HELICONIA S.A  E S P,Heliconia,ORDINARIOS E INERTES,31.116666666666667
ODT904,2023-12-12 16:43:53,2023-12-12 17:38:28,4500,AGUAS DE HELICONIA S.A  E S P,Heliconia,ORDINARIOS E INERTES,54.583333333333336
ODT904,2023-12-14 21:02:27,2023-12-14 21:34:58,2590,AGUAS DE HELICONIA S.A  E S P,Heliconia,ORDINARIOS E INERTES,32.516666666666666
ODT904,2023-12-18 22:52:57,2023-12-18 23:42:36,3830,AGUAS DE HELICONIA S.A  E S P,Heliconia,ORDINARIOS E INERTES,49.65
ODT904,2023-12-20 06:36:26,2023-12-20 07:15:12,4090,AGUAS DE HELICONIA S.A  E S P,Heliconia,ORDINARIOS E INERTES,38.766666666666666
ODT904,2023-12-21 20:11:26,2023-12-21 20:44:12,4850,AGUAS DE HELICONIA S.A  E S P,Heliconia,ORDINARIOS E INERTES,32.766666666666666
ODT904,2023-12-22 16:00:42,2023-12-22 16:33:57,6040,AGUAS DE HELICONIA S.A  E S P,Heliconia,ORDINARIOS E INERTES,33.25
ODT904,2023-12-26 15:29:06,2023-12-26 16:24:37,5500,AGUAS DE HELICONIA S.A  E S P,Heliconia,ORDINARIOS E INERTES,55.516666666666666
ODT904,2023-12-29 17:32:03,2023-12-29 18:02:27,6430,AGUAS DE HELICONIA S.A  E S P,Heliconia,ORDINARIOS E INERTES,30.4
ODT904,2024-01-02 16:17:52,2024-01-02 16:51:04,6100,AGUAS DE HELICONIA S.A  E S P,Heliconia,ORDINARIOS E INERTES,33.2
ODT904,2024-01-03 17:22:00,2024-01-03 17:56:12,4310,AGUAS DE HELICONIA S.A  E S P,Heliconia,ORDINARIOS E INERTES,34.2
ODT904,2024-01-04 16:06:27,2024-01-04 16:45:10,6520,AGUAS DE HELICONIA S.A  E S P,Heliconia,ORDINARIOS E INERTES,38.71666666666667
ODT904,2024-01-05 17:02:12,2024-01-05 17:34:31,5230,AGUAS DE HELICONIA S.A  E S P,Heliconia,ORDINARIOS E INERTES,32.31666666666667
ODT904,2024-01-06 14:53:49,2024-01-06 15:32:45,4620,AGUAS DE HELICONIA S.A  E S P,Heliconia,ORDINARIOS E INERTES,38.93333333333333
ODT904,2024-01-10 10:22:15,2024-01-10 11:22:59,6080,AGUAS DE HELICONIA S.A  E S P,Heliconia,ORDINARIOS E INERTES,60.733333333333334
ODT904,2024-01-12 16:05:37,2024-01-12 16:39:57,5310,AGUAS DE HELICONIA S.A  E S P,Heliconia,ORDINARIOS E INERTES,34.333333333333336
ODT904,2024-01-16 15:40:34,2024-01-16 16:17:17,4280,AGUAS DE HELICONIA S.A  E S P,Heliconia,ORDINARIOS E INERTES,36.71666666666667
ODT904,2024-01-18 14:19:46,2024-01-18 14:59:28,4820,AGUAS DE HELICONIA S.A  E S P,Heliconia,ORDINARIOS E INERTES,39.7
ODT904,2024-01-22 10:26:11,2024-01-22 11:02:53,4930,AGUAS DE HELICONIA S.A  E S P,Heliconia,ORDINARIOS E INERTES,36.7
ODT904,2024-01-24 10:43:06,2024-01-24 11:24:33,4180,AGUAS DE HELICONIA S.A  E S P,Heliconia,ORDINARIOS E INERTES,41.45
ODT904,2024-01-29 08:58:43,2024-01-29 09:32:12,6240,AGUAS DE HELICONIA S.A  E S P,Heliconia,ORDINARIOS E INERTES,33.483333333333334
ODT904,2024-01-30 16:08:09,2024-01-30 16:43:42,4450,AGUAS DE HELICONIA S.A  E S P,Heliconia,ORDINARIOS E INERTES,35.55
ODT904,2024-01-31 18:31:00,2024-01-31 19:03:36,3910,AGUAS DE HELICONIA S.A  E S P,Heliconia,ORDINARIOS E INERTES,32.6
ODT904,2024-02-05 10:07:43,2024-02-05 10:46:29,5050,AGUAS DE HELICONIA S.A  E S P,Heliconia,ORDINARIOS E INERTES,38.766666666666666
ODT904,2024-02-07 06:28:19,2024-02-07 07:02:49,3700,AGUAS DE HELICONIA S.A  E S P,Heliconia,ORDINARIOS E INERTES,34.5
ODT904,2024-02-09 15:52:09,2024-02-09 16:30:00,5660,AGUAS DE HELICONIA S.A  E S P,Heliconia,ORDINARIOS E INERTES,37.85
ODT904,2024-02-14 10:15:40,2024-02-14 10:50:09,5410,AGUAS DE HELICONIA S.A  E S P,Heliconia,ORDINARIOS E INERTES,34.483333333333334
ODT904,2024-02-16 14:28:04,2024-02-16 15:43:38,6200,AGUAS DE HELICONIA S.A  E S P,Heliconia,ORDINARIOS E INERTES,75.56666666666666
ODT904,2024-02-21 19:15:26,2024-02-21 19:51:53,4180,AGUAS DE HELICONIA S.A  E S P,Heliconia,ORDINARIOS E INERTES,36.45
ODT904,2024-02-22 15:57:04,2024-02-22 16:42:02,6220,AGUAS DE HELICONIA S.A  E S P,Heliconia,ORDINARIOS E INERTES,44.96666666666667
ODT904,2024-02-23 19:13:09,2024-02-23 19:53:12,5030,AGUAS DE HELICONIA S.A  E S P,Heliconia,ORDINARIOS E INERTES,40.05
ODT904,2024-02-28 10:09:19,2024-02-28 10:41:52,5480,AGUAS DE HELICONIA S.A  E S P,Heliconia,ORDINARIOS E INERTES,32.55
ODT904,2024-02-29 14:39:44,2024-02-29 15:12:18,2330,AGUAS DE HELICONIA S.A  E S P,Heliconia,ORDINARIOS E INERTES,32.56666666666667
ODT904,2024-03-04 09:22:42,2024-03-04 09:55:32,4460,AGUAS DE HELICONIA S.A  E S P,Heliconia,ORDINARIOS E INERTES,32.833333333333336
ODT904,2024-03-05 16:09:26,2024-03-05 16:46:43,3760,AGUAS DE HELICONIA S.A  E S P,Heliconia,ORDINARIOS E INERTES,37.28333333333333
ODT904,2024-03-08 15:28:28,2024-03-08 16:07:19,4690,AGUAS DE HELICONIA S.A  E S P,Heliconia,ORDINARIOS E INERTES,38.85
ODT904,2024-03-13 06:40:23,2024-03-13 07:14:09,5410,AGUAS DE HELICONIA S.A  E S P,Heliconia,ORDINARIOS E INERTES,33.766666666666666
ODT904,2024-03-15 14:02:03,2024-03-15 14:48:51,5700,AGUAS DE HELICONIA S.A  E S P,Heliconia,ORDINARIOS E INERTES,46.8
ODT904,2024-03-19 16:05:53,2024-03-19 16:42:41,4250,AGUAS DE HELICONIA S.A  E S P,Heliconia,ORDINARIOS E INERTES,36.8
ODT904,2024-03-24 10:33:47,2024-03-24 11:07:13,5060,AGUAS DE HELICONIA S.A  E S P,Heliconia,ORDINARIOS E INERTES,33.43333333333333
ODT904,2024-03-26 22:03:54,2024-03-26 22:41:24,4370,AGUAS DE HELICONIA S.A  E S P,Heliconia,ORDINARIOS E INERTES,37.5
ODT904,2024-03-27 14:49:52,2024-03-27 15:45:10,1980,AGUAS DE HELICONIA S.A  E S P,Heliconia,ORDINARIOS E INERTES,55.3
ODT904,2024-03-28 18:17:13,2024-03-28 19:05:10,2810,AGUAS DE HELICONIA S.A  E S P,Heliconia,ORDINARIOS E INERTES,47.95
ODT904,2024-03-30 19:06:59,2024-03-30 19:51:19,4510,AGUAS DE HELICONIA S.A  E S P,Heliconia,ORDINARIOS E INERTES,44.333333333333336
ODT904,2024-04-03 19:30:40,2024-04-03 20:04:02,5090,AGUAS DE HELICONIA S.A  E S P,Heliconia,ORDINARIOS E INERTES,33.36666666666667
ODT904,2024-04-05 14:51:57,2024-04-05 15:28:02,5040,AGUAS DE HELICONIA S.A  E S P,Heliconia,ORDINARIOS E INERTES,36.083333333333336
ODT904,2024-04-09 20:09:37,2024-04-09 21:08:07,4180,AGUAS DE HELICONIA S.A  E S P,Heliconia,ORDINARIOS E INERTES,58.5
ODT904,2024-04-10 16:29:28,2024-04-10 17:10:26,2720,AGUAS DE HELICONIA S.A  E S P,Heliconia,ORDINARIOS E INERTES,40.96666666666667
ODT904,2024-04-11 16:21:29,2024-04-11 16:55:56,3620,AGUAS DE HELICONIA S.A  E S P,Heliconia,ORDINARIOS E INERTES,34.45
ODT904,2024-04-12 15:58:53,2024-04-12 16:38:23,3090,AGUAS DE HELICONIA S.A  E S P,Heliconia,ORDINARIOS E INERTES,39.5
ODT904,2024-04-17 09:53:54,2024-04-17 10:33:46,4800,AGUAS DE HELICONIA S.A  E S P,Heliconia,ORDINARIOS E INERTES,39.86666666666667
ODT904,2024-04-19 14:37:01,2024-04-19 15:13:22,4910,AGUAS DE HELICONIA S.A  E S P,Heliconia,ORDINARIOS E INERTES,36.35
ODT904,2024-04-23 20:27:27,2024-04-23 21:27:19,4740,AGUAS DE HELICONIA S.A  E S P,Heliconia,ORDINARIOS E INERTES,59.86666666666667
ODT904,2024-04-25 15:38:28,2024-04-25 16:18:58,4610,AGUAS DE HELICONIA S.A  E S P,Heliconia,ORDINARIOS E INERTES,40.5
ODT904,2024-04-30 15:00:25,2024-04-30 15:37:26,6390,AGUAS DE HELICONIA S.A  E S P,Heliconia,ORDINARIOS E INERTES,37.016666666666666
ODT904,2024-05-03 13:55:47,2024-05-03 14:43:05,7160,AGUAS DE HELICONIA S.A  E S P,Heliconia,ORDINARIOS E INERTES,47.3
ODT904,2024-05-08 09:19:19,2024-05-08 09:52:23,6320,AGUAS DE HELICONIA S.A  E S P,Heliconia,ORDINARIOS E INERTES,33.06666666666667
ODT904,2024-05-09 19:06:16,2024-05-09 19:30:21,3640,AGUAS DE HELICONIA S.A  E S P,Heliconia,ORDINARIOS E INERTES,24.083333333333332
ODT904,2024-05-14 15:07:56,2024-05-14 15:36:45,7330,AGUAS DE HELICONIA S.A  E S P,Heliconia,ORDINARIOS E INERTES,28.816666666666666
ODT904,2024-05-17 16:37:54,2024-05-17 17:01:53,5830,AGUAS DE HELICONIA S.A  E S P,Heliconia,ORDINARIOS E INERTES,23.983333333333334
ODT904,2024-05-22 09:26:02,2024-05-22 09:47:32,6750,AGUAS DE HELICONIA S.A  E S P,Heliconia,ORDINARIOS E INERTES,21.5
ODT904,2024-05-23 15:52:44,2024-05-23 17:27:56,3440,AGUAS DE HELICONIA S.A  E S P,Heliconia,ORDINARIOS E INERTES,95.2
ODT904,2024-05-27 11:09:11,2024-05-27 11:49:17,4220,AGUAS DE HELICONIA S.A  E S P,Heliconia,ORDINARIOS E INERTES,40.1
ODT904,2024-05-30 13:45:07,2024-05-30 14:36:21,5680,AGUAS DE HELICONIA S.A  E S P,Heliconia,ORDINARIOS E INERTES,51.233333333333334
ODT904,2024-06-01 07:30:26,2024-06-01 07:56:42,3390,AGUAS DE HELICONIA S.A  E S P,Heliconia,ORDINARIOS E INERTES,26.266666666666666
ODT904,2024-06-05 06:09:32,2024-06-05 06:41:08,6700,AGUAS DE HELICONIA S.A  E S P,Heliconia,ORDINARIOS E INERTES,31.6
ODT904,2024-06-06 17:20:35,2024-06-06 17:45:08,4990,AGUAS DE HELICONIA S.A  E S P,Heliconia,ORDINARIOS E INERTES,24.55
ODT904,2024-06-10 11:06:24,2024-06-10 11:46:14,3610,AGUAS DE HELICONIA S.A  E S P,Heliconia,ORDINARIOS E INERTES,39.833333333333336
ODT904,2024-06-11 14:57:09,2024-06-11 15:36:15,4840,AGUAS DE HELICONIA S.A  E S P,Heliconia,ORDINARIOS E INERTES,39.1
ODT904,2024-06-17 11:19:59,2024-06-17 12:31:23,5850,AGUAS DE HELICONIA S.A  E S P,Heliconia,ORDINARIOS E INERTES,71.4
ODT904,2024-06-19 06:48:43,2024-06-19 07:17:26,5860,AGUAS DE HELICONIA S.A  E S P,Heliconia,ORDINARIOS E INERTES,28.716666666666665
ODT904,2024-06-20 20:33:23,2024-06-20 21:00:08,4390,AGUAS DE HELICONIA S.A  E S P,Heliconia,ORDINARIOS E INERTES,26.75
ODT904,2024-06-24 11:23:49,2024-06-24 12:06:04,4020,AGUAS DE HELICONIA S.A  E S P,Heliconia,ORDINARIOS E INERTES,42.25
ODT904,2024-06-27 14:26:19,2024-06-27 15:14:16,5610,AGUAS DE HELICONIA S.A  E S P,Heliconia,ORDINARIOS E INERTES,47.95
ODT904,2024-07-01 11:49:41,2024-07-01 12:47:11,4480,AGUAS DE HELICONIA S.A  E S P,Heliconia,ORDINARIOS E INERTES,57.5
ODT904,2024-07-03 06:53:27,2024-07-03 07:30:35,5510,AGUAS DE HELICONIA S.A  E S P,Heliconia,ORDINARIOS E INERTES,37.13333333333333
ODT904,2024-07-04 20:05:12,2024-07-04 20:43:12,5730,AGUAS DE HELICONIA S.A  E S P,Heliconia,ORDINARIOS E INERTES,38.0
ODT904,2024-07-08 11:23:28,2024-07-08 11:50:01,4170,AGUAS DE HELICONIA S.A  E S P,Heliconia,ORDINARIOS E INERTES,26.55
ODT904,2024-07-10 06:23:13,2024-07-10 06:47:27,4070,AGUAS DE HELICONIA S.A  E S P,Heliconia,ORDINARIOS E INERTES,24.233333333333334
ODT904,2024-07-12 15:59:52,2024-07-12 16:44:04,5780,AGUAS DE HELICONIA S.A  E S P,Heliconia,ORDINARIOS E INERTES,44.2
ODT904,2024-07-17 06:42:04,2024-07-17 07:18:41,5650,AGUAS DE HELICONIA S.A  E S P,Heliconia,ORDINARIOS E INERTES,36.61666666666667
ODT904,2024-07-18 16:14:49,2024-07-18 16:34:16,4640,AGUAS DE HELICONIA S.A  E S P,Heliconia,ORDINARIOS E INERTES,19.45
ODT904,2024-07-22 11:25:57,2024-07-22 11:49:30,3450,AGUAS DE HELICONIA S.A  E S P,Heliconia,ORDINARIOS E INERTES,23.55
ODT904,2024-07-23 15:04:00,2024-07-23 15:50:07,4470,AGUAS DE HELICONIA S.A  E S P,Heliconia,ORDINARIOS E INERTES,46.11666666666667
ODT904,2024-07-26 15:42:56,2024-07-26 16:33:31,5110,AGUAS DE HELICONIA S.A  E S P,Heliconia,ORDINARIOS E INERTES,50.583333333333336
ODT904,2024-07-31 06:35:56,2024-07-31 06:56:52,4770,AGUAS DE HELICONIA S.A  E S P,Heliconia,ORDINARIOS E INERTES,20.933333333333334
ODT904,2024-08-01 16:05:20,2024-08-01 16:35:30,4610,AGUAS DE HELICONIA S.A  E S P,Heliconia,ORDINARIOS E INERTES,30.166666666666668
ODT904,2024-08-06 14:41:15,2024-08-06 15:34:34,6840,AGUAS DE HELICONIA S.A  E S P,Heliconia,ORDINARIOS E INERTES,53.31666666666667
ODT904,2024-08-10 06:23:53,2024-08-10 06:57:52,5960,AGUAS DE HELICONIA S.A  E S P,Heliconia,ORDINARIOS E INERTES,33.983333333333334
ODT904,2024-08-14 07:07:02,2024-08-14 07:23:23,4780,AGUAS DE HELICONIA S.A  E S P,Heliconia,ORDINARIOS E INERTES,16.35
ODT904,2024-08-15 16:22:45,2024-08-15 16:41:28,4740,AGUAS DE HELICONIA S.A  E S P,Heliconia,ORDINARIOS E INERTES,18.716666666666665
ODT904,2024-08-17 08:16:14,2024-08-17 08:34:19,2890,AGUAS DE HELICONIA S.A  E S P,Heliconia,ORDINARIOS E INERTES,18.083333333333332
ODT904,2024-08-21 06:14:10,2024-08-21 06:31:58,4110,AGUAS DE HELICONIA S.A  E S P,Heliconia,ORDINARIOS E INERTES,17.8
ODT904,2024-08-24 05:53:12,2024-08-24 06:24:49,5540,AGUAS DE HELICONIA S.A  E S P,Heliconia,ORDINARIOS E INERTES,31.616666666666667
ODT904,2024-08-28 06:11:18,2024-08-28 06:34:20,4610,AGUAS DE HELICONIA S.A  E S P,Heliconia,ORDINARIOS E INERTES,23.033333333333335
ODT904,2024-08-29 16:06:46,2024-08-29 16:26:41,5290,AGUAS DE HELICONIA S.A  E S P,Heliconia,ORDINARIOS E INERTES,19.916666666666668
ODT904,2024-08-31 07:36:40,2024-08-31 07:56:11,2790,AGUAS DE HELICONIA S.A  E S P,Heliconia,ORDINARIOS E INERTES,19.516666666666666
ODT904,2024-09-03 22:20:45,2024-09-03 23:02:29,4250,AGUAS DE HELICONIA S.A  E S P,Heliconia,ORDINARIOS E INERTES,41.733333333333334
ODT904,2024-09-06 15:20:32,2024-09-06 15:48:05,5140,AGUAS DE HELICONIA S.A  E S P,Heliconia,ORDINARIOS E INERTES,27.55
ODT904,2024-09-11 06:56:11,2024-09-11 07:19:31,5670,AGUAS DE HELICONIA S.A  E S P,Heliconia,ORDINARIOS E INERTES,23.333333333333332
ODT904,2024-09-12 16:21:47,2024-09-12 16:42:50,3300,AGUAS DE HELICONIA S.A  E S P,Heliconia,ORDINARIOS E INERTES,21.05
ODT904,2024-09-16 11:31:30,2024-09-16 12:16:07,3800,AGUAS DE HELICONIA S.A  E S P,Heliconia,ORDINARIOS E INERTES,44.61666666666667
ODT904,2024-09-18 08:15:27,2024-09-18 08:31:58,3540,AGUAS DE HELICONIA S.A  E S P,Heliconia,ORDINARIOS E INERTES,16.516666666666666
ODT904,2024-09-20 16:36:25,2024-09-20 16:56:48,5420,AGUAS DE HELICONIA S.A  E S P,Heliconia,ORDINARIOS E INERTES,20.383333333333333
ODT904,2024-09-25 06:22:25,2024-09-25 06:41:20,5720,AGUAS DE HELICONIA S.A  E S P,Heliconia,ORDINARIOS E INERTES,18.916666666666668
ODT904,2024-09-26 16:12:25,2024-09-26 16:31:25,4320,AGUAS DE HELICONIA S.A  E S P,Heliconia,ORDINARIOS E INERTES,19.0
ODT904,2024-09-30 11:22:08,2024-09-30 12:10:14,3410,AGUAS DE HELICONIA S.A  E S P,Heliconia,ORDINARIOS E INERTES,48.1
ODT904,2024-10-02 10:14:36,2024-10-02 10:39:39,3620,AGUAS DE HELICONIA S.A  E S P,Heliconia,ORDINARIOS E INERTES,25.05
ODT904,2024-10-05 06:11:28,2024-10-05 06:39:11,4590,AGUAS DE HELICONIA S.A  E S P,Heliconia,ORDINARIOS E INERTES,27.716666666666665
ODT904,2024-10-09 09:15:48,2024-10-09 09:37:05,5710,AGUAS DE HELICONIA S.A  E S P,Heliconia,ORDINARIOS E INERTES,21.283333333333335
ODT904,2024-10-12 05:40:08,2024-10-12 05:57:28,6630,AGUAS DE HELICONIA S.A  E S P,Heliconia,ORDINARIOS E INERTES,17.333333333333332
ODT904,2024-10-16 05:35:17,2024-10-16 05:55:58,4270,AGUAS DE HELICONIA S.A  E S P,Heliconia,ORDINARIOS E INERTES,20.683333333333334
ODT904,2024-10-19 06:48:36,2024-10-19 07:05:43,5830,AGUAS DE HELICONIA S.A  E S P,Heliconia,ORDINARIOS E INERTES,17.116666666666667
ODT904,2024-10-23 06:10:18,2024-10-23 06:31:34,5690,AGUAS DE HELICONIA S.A  E S P,Heliconia,ORDINARIOS E INERTES,21.266666666666666
ODT904,2024-10-23 17:45:42,2024-10-23 18:35:33,1070,AGUAS DE HELICONIA S.A  E S P,Heliconia,ORDINARIOS E INERTES,49.85
OML437,2024-10-30 16:37:44,2024-10-30 17:03:23,5270,AGUAS DE HELICONIA S.A  E S P,Heliconia,ORDINARIOS E INERTES,25.65
OML437,2024-10-26 20:40:32,2024-10-26 21:15:43,5470,AGUAS DE HELICONIA S.A  E S P,Heliconia,ORDINARIOS E INERTES,35.18333333333333
OML437,2024-11-02 17:08:38,2024-11-02 17:33:14,4000,AGUAS DE HELICONIA S.A  E S P,Heliconia,ORDINARIOS E INERTES,24.6
OML437,2024-11-05 20:45:37,2024-11-05 21:44:35,5220,AGUAS DE HELICONIA S.A  E S P,Heliconia,ORDINARIOS E INERTES,58.96666666666667
OML437,2024-11-06 18:26:35,2024-11-06 18:52:42,5780,AGUAS DE HELICONIA S.A  E S P,Heliconia,ORDINARIOS E INERTES,26.116666666666667
OML437,2024-11-09 19:53:09,2024-11-09 20:31:22,5100,AGUAS DE HELICONIA S.A  E S P,Heliconia,ORDINARIOS E INERTES,38.21666666666667
OML437,2024-11-13 20:36:33,2024-11-13 21:20:37,4960,AGUAS DE HELICONIA S.A  E S P,Heliconia,ORDINARIOS E INERTES,44.06666666666667
OML437,2024-11-16 18:25:55,2024-11-16 18:54:25,5800,AGUAS DE HELICONIA S.A  E S P,Heliconia,ORDINARIOS E INERTES,28.5
OML437,2024-11-17 17:13:36,2024-11-17 17:34:19,3580,AGUAS DE HELICONIA S.A  E S P,Heliconia,ORDINARIOS E INERTES,20.716666666666665
OML437,2024-11-20 23:09:19,2024-11-20 23:30:54,3610,AGUAS DE HELICONIA S.A  E S P,Heliconia,ORDINARIOS E INERTES,21.583333333333332
ODT904,2024-11-22 15:36:45,2024-11-22 16:02:20,2820,AGUAS DE HELICONIA S.A  E S P,Heliconia,ORDINARIOS E INERTES,25.583333333333332
ODT904,2024-11-26 14:57:36,2024-11-26 15:56:03,5720,AGUAS DE HELICONIA S.A  E S P,Heliconia,ORDINARIOS E INERTES,58.45
ODT904,2024-11-27 13:39:52,2024-11-27 14:53:55,4810,AGUAS DE HELICONIA S.A  E S P,Heliconia,ORDINARIOS E INERTES,74.05
ODT904,2024-11-29 15:16:25,2024-11-29 15:46:53,5810,AGUAS DE HELICONIA S.A  E S P,Heliconia,ORDINARIOS E INERTES,30.466666666666665
ODT904,2024-12-04 05:23:14,2024-12-04 05:47:24,4130,AGUAS DE HELICONIA S.A  E S P,Heliconia,ORDINARIOS E INERTES,24.166666666666668
ODT904,2024-12-06 15:27:15,2024-12-06 15:54:49,5410,AGUAS DE HELICONIA S.A  E S P,Heliconia,ORDINARIOS E INERTES,27.566666666666666
ODT904,2024-12-11 06:19:47,2024-12-11 06:40:23,5380,AGUAS DE HELICONIA S.A  E S P,Heliconia,ORDINARIOS E INERTES,20.6
ODT904,2024-12-12 15:58:12,2024-12-12 16:17:34,5780,AGUAS DE HELICONIA S.A  E S P,Heliconia,ORDINARIOS E INERTES,19.366666666666667
ODT904,2024-12-16 12:03:09,2024-12-16 12:22:00,3840,AGUAS DE HELICONIA S.A  E S P,Heliconia,ORDINARIOS E INERTES,18.85
ODT904,2024-12-17 14:37:46,2024-12-17 15:10:12,3650,AGUAS DE HELICONIA S.A  E S P,Heliconia,ORDINARIOS E INERTES,32.43333333333333
ODT904,2024-12-20 15:16:43,2024-12-20 15:57:48,5390,AGUAS DE HELICONIA S.A  E S P,Heliconia,ORDINARIOS E INERTES,41.083333333333336
ODT904,2024-12-25 06:53:54,2024-12-25 07:12:27,5880,AGUAS DE HELICONIA S.A  E S P,Heliconia,ORDINARIOS E INERTES,18.55
ODT904,2024-12-26 18:46:15,2024-12-26 19:07:58,5330,AGUAS DE HELICONIA S.A  E S P,Heliconia,ORDINARIOS E INERTES,21.716666666666665
ODT904,2024-12-27 23:03:54,2024-12-27 23:48:20,4600,AGUAS DE HELICONIA S.A  E S P,Heliconia,ORDINARIOS E INERTES,44.43333333333333
ODT904,2025-01-01 07:00:45,2025-01-01 07:17:29,6490,AGUAS DE HELICONIA S.A  E S P,Heliconia,ORDINARIOS E INERTES,16.733333333333334
ODT904,2025-01-04 06:56:35,2025-01-04 07:14:36,6560,AGUAS DE HELICONIA S.A  E S P,Heliconia,ORDINARIOS E INERTES,18.016666666666666
ODT904,2025-01-07 15:30:02,2025-01-07 15:50:07,6020,AGUAS DE HELICONIA S.A  E S P,Heliconia,ORDINARIOS E INERTES,20.083333333333332
ODT904,2025-01-08 13:58:11,2025-01-08 14:40:29,5090,AGUAS DE HELICONIA S.A  E S P,Heliconia,ORDINARIOS E INERTES,42.3
ODT904,2025-01-09 16:38:09,2025-01-09 17:00:49,5480,AGUAS DE HELICONIA S.A  E S P,Heliconia,ORDINARIOS E INERTES,22.666666666666668
ODT904,2025-01-11 06:12:07,2025-01-11 06:32:40,4250,AGUAS DE HELICONIA S.A  E S P,Heliconia,ORDINARIOS E INERTES,20.55
ODT904,2025-01-14 14:10:15,2025-01-14 15:28:16,4310,AGUAS DE HELICONIA S.A  E S P,Heliconia,ORDINARIOS E INERTES,78.01666666666667
ODT904,2025-01-17 14:58:39,2025-01-17 15:23:21,5290,AGUAS DE HELICONIA S.A  E S P,Heliconia,ORDINARIOS E INERTES,24.7
ODT904,2025-01-22 05:43:25,2025-01-22 06:03:28,5330,AGUAS DE HELICONIA S.A  E S P,Heliconia,ORDINARIOS E INERTES,20.05
ODT904,2025-01-23 13:48:56,2025-01-23 14:30:43,4460,AGUAS DE HELICONIA S.A  E S P,Heliconia,ORDINARIOS E INERTES,41.78333333333333
ODT904,2025-01-24 16:39:02,2025-01-24 16:58:41,4500,AGUAS DE HELICONIA S.A  E S P,Heliconia,ORDINARIOS E INERTES,19.65
ODT904,2025-01-28 14:14:37,2025-01-28 14:49:48,4350,AGUAS DE HELICONIA S.A  E S P,Heliconia,ORDINARIOS E INERTES,35.18333333333333
ODT904,2025-01-31 15:07:29,2025-01-31 16:00:15,4700,AGUAS DE HELICONIA S.A  E S P,Heliconia,ORDINARIOS E INERTES,52.766666666666666
ODT904,2025-02-05 05:35:53,2025-02-05 05:56:08,4780,AGUAS DE HELICONIA S.A  E S P,Heliconia,ORDINARIOS E INERTES,20.25
ODT904,2025-02-06 13:22:01,2025-02-06 13:57:54,5060,AGUAS DE HELICONIA S.A  E S P,Heliconia,ORDINARIOS E INERTES,35.88333333333333
ODT904,2025-02-08 06:04:10,2025-02-08 06:23:06,3160,AGUAS DE HELICONIA S.A  E S P,Heliconia,ORDINARIOS E INERTES,18.933333333333334
ODT904,2025-02-12 09:46:42,2025-02-12 10:18:30,4430,AGUAS DE HELICONIA S.A  E S P,Heliconia,ORDINARIOS E INERTES,31.8
ODT904,2025-02-15 05:33:06,2025-02-15 05:56:03,5160,AGUAS DE HELICONIA S.A  E S P,Heliconia,ORDINARIOS E INERTES,22.95
ODT904,2025-02-19 05:08:17,2025-02-19 05:28:58,5710,AGUAS DE HELICONIA S.A  E S P,Heliconia,ORDINARIOS E INERTES,20.683333333333334
ODT904,2025-02-20 13:42:59,2025-02-20 14:04:10,5290,AGUAS DE HELICONIA S.A  E S P,Heliconia,ORDINARIOS E INERTES,21.183333333333334
ODT904,2025-02-22 05:17:20,2025-02-22 05:36:14,3190,AGUAS DE HELICONIA S.A  E S P,Heliconia,ORDINARIOS E INERTES,18.9
ODT904,2025-02-27 14:00:19,2025-02-27 14:27:53,5950,AGUAS DE HELICONIA S.A  E S P,Heliconia,ORDINARIOS E INERTES,27.566666666666666
ODT904,2025-03-03 11:44:23,2025-03-03 12:37:57,3910,AGUAS DE HELICONIA S.A  E S P,Heliconia,ORDINARIOS E INERTES,53.56666666666667
ODT904,2025-03-05 01:01:08,2025-03-05 01:20:11,4820,AGUAS DE HELICONIA S.A  E S P,Heliconia,ORDINARIOS E INERTES,19.05
ODT904,2025-03-06 14:00:48,2025-03-06 14:32:39,5900,AGUAS DE HELICONIA S.A  E S P,Heliconia,ORDINARIOS E INERTES,31.85
ODT904,2025-03-08 05:23:57,2025-03-08 05:40:49,3600,AGUAS DE HELICONIA S.A  E S P,Heliconia,ORDINARIOS E INERTES,16.866666666666667
ODT904,2025-03-12 05:18:49,2025-03-12 05:36:43,4220,AGUAS DE HELICONIA S.A  E S P,Heliconia,ORDINARIOS E INERTES,17.9
ODT904,2025-03-14 23:09:32,2025-03-14 23:30:09,5200,AGUAS DE HELICONIA S.A  E S P,Heliconia,ORDINARIOS E INERTES,20.616666666666667
ODT904,2025-03-19 05:31:30,2025-03-19 05:51:05,5830,AGUAS DE HELICONIA S.A  E S P,Heliconia,ORDINARIOS E INERTES,19.583333333333332
ODT904,2025-03-20 13:28:10,2025-03-20 13:55:19,5230,AGUAS DE HELICONIA S.A  E S P,Heliconia,ORDINARIOS E INERTES,27.15
ODT904,2025-03-21 23:14:35,2025-03-21 23:43:57,3690,AGUAS DE HELICONIA S.A  E S P,Heliconia,ORDINARIOS E INERTES,29.366666666666667
ODT904,2025-03-25 14:49:56,2025-03-25 15:15:48,4270,AGUAS DE HELICONIA S.A  E S P,Heliconia,ORDINARIOS E INERTES,25.866666666666667
ODT904,2025-03-28 23:03:43,2025-03-29 00:11:40,6090,AGUAS DE HELICONIA S.A  E S P,Heliconia,ORDINARIOS E INERTES,67.95
ODT904,2025-04-02 05:17:45,2025-04-02 05:39:38,4960,AGUAS DE HELICONIA S.A  E S P,Heliconia,ORDINARIOS E INERTES,21.883333333333333
ODT904,2025-04-03 13:33:45,2025-04-03 13:55:19,5210,AGUAS DE HELICONIA S.A  E S P,Heliconia,ORDINARIOS E INERTES,21.566666666666666
ODT904,2025-04-07 11:52:46,2025-04-07 12:16:21,4170,AGUAS DE HELICONIA S.A  E S P,Heliconia,ORDINARIOS E INERTES,23.583333333333332
ODT904,2025-04-09 00:32:33,2025-04-09 00:57:31,4890,AGUAS DE HELICONIA S.A  E S P,Heliconia,ORDINARIOS E INERTES,24.966666666666665
ODT904,2025-04-12 08:06:44,2025-04-12 08:26:45,6350,AGUAS DE HELICONIA S.A  E S P,Heliconia,ORDINARIOS E INERTES,20.016666666666666
ODT904,2025-04-15 18:31:22,2025-04-15 18:56:18,5370,AGUAS DE HELICONIA S.A  E S P,Heliconia,ORDINARIOS E INERTES,24.933333333333334
ODT904,2025-04-19 16:10:52,2025-04-19 16:30:17,5080,AGUAS DE HELICONIA S.A  E S P,Heliconia,ORDINARIOS E INERTES,19.416666666666668
ODT904,2025-04-23 05:11:28,2025-04-23 05:36:23,5810,AGUAS DE HELICONIA S.A  E S P,Heliconia,ORDINARIOS E INERTES,24.916666666666668
ODT904,2025-04-24 11:20:53,2025-04-24 11:45:17,4840,AGUAS DE HELICONIA S.A  E S P,Heliconia,ORDINARIOS E INERTES,24.4
ODT904,2025-04-28 23:04:23,2025-04-28 23:28:51,5760,AGUAS DE HELICONIA S.A  E S P,Heliconia,ORDINARIOS E INERTES,24.466666666666665
ODT904,2025-04-30 13:37:31,2025-04-30 14:18:55,4470,AGUAS DE HELICONIA S.A  E S P,Heliconia,ORDINARIOS E INERTES,41.4
ODT904,2025-05-05 12:22:24,2025-05-05 13:07:43,3370,AGUAS DE HELICONIA S.A  E S P,Heliconia,ORDINARIOS E INERTES,45.31666666666667
ODT904,2025-05-10 09:38:56,2025-05-10 10:02:37,5970,AGUAS DE HELICONIA S.A  E S P,Heliconia,ORDINARIOS E INERTES,23.683333333333334
ODT904,2025-05-13 15:00:35,2025-05-13 15:38:40,6790,AGUAS DE HELICONIA S.A  E S P,Heliconia,ORDINARIOS E INERTES,38.083333333333336
ODT904,2025-05-17 09:32:43,2025-05-17 09:56:49,6690,AGUAS DE HELICONIA S.A  E S P,Heliconia,ORDINARIOS E INERTES,24.1
ODT904,2025-05-19 18:04:25,2025-05-19 18:37:47,6070,AGUAS DE HELICONIA S.A  E S P,Heliconia,ORDINARIOS E INERTES,33.36666666666667
ODT904,2025-05-22 13:44:04,2025-05-22 14:06:22,5280,AGUAS DE HELICONIA S.A  E S P,Heliconia,ORDINARIOS E INERTES,22.3
ODT904,2025-05-26 11:27:58,2025-05-26 12:04:49,4140,AGUAS DE HELICONIA S.A  E S P,Heliconia,ORDINARIOS E INERTES,36.85
ODT904,2025-05-28 08:48:02,2025-05-28 09:10:38,4650,AGUAS DE HELICONIA S.A  E S P,Heliconia,ORDINARIOS E INERTES,22.6
ODT904,2025-05-31 08:18:54,2025-05-31 08:52:11,5750,AGUAS DE HELICONIA S.A  E S P,Heliconia,ORDINARIOS E INERTES,33.28333333333333
ODT904,2025-06-03 22:58:07,2025-06-04 00:05:49,4300,AGUAS DE HELICONIA S.A  E S P,Heliconia,ORDINARIOS E INERTES,67.7
ODT904,2025-06-07 08:07:37,2025-06-07 08:26:40,5300,AGUAS DE HELICONIA S.A  E S P,Heliconia,ORDINARIOS E INERTES,19.05
ODT904,2025-06-09 16:42:18,2025-06-09 17:04:58,4160,AGUAS DE HELICONIA S.A  E S P,Heliconia,ORDINARIOS E INERTES,22.666666666666668
ODT904,2025-06-11 08:28:54,2025-06-11 08:52:28,3550,AGUAS DE HELICONIA S.A  E S P,Heliconia,ORDINARIOS E INERTES,23.566666666666666
ODT904,2025-06-14 08:30:59,2025-06-14 08:51:54,5440,AGUAS DE HELICONIA S.A  E S P,Heliconia,ORDINARIOS E INERTES,20.916666666666668
ODT904,2025-06-18 08:14:30,2025-06-18 08:37:00,6650,AGUAS DE HELICONIA S.A  E S P,Heliconia,ORDINARIOS E INERTES,22.5
ODT904,2025-06-21 08:09:07,2025-06-21 08:28:54,5660,AGUAS DE HELICONIA S.A  E S P,Heliconia,ORDINARIOS E INERTES,19.783333333333335
ODT904,2025-06-25 08:44:35,2025-06-25 09:02:25,5100,AGUAS DE HELICONIA S.A  E S P,Heliconia,ORDINARIOS E INERTES,17.833333333333332
ODT904,2025-06-28 08:13:16,2025-06-28 08:33:00,5920,AGUAS DE HELICONIA S.A  E S P,Heliconia,ORDINARIOS E INERTES,19.733333333333334
ODT904,2025-07-02 07:28:11,2025-07-02 08:11:46,6000,AGUAS DE HELICONIA S.A  E S P,Heliconia,ORDINARIOS E INERTES,43.583333333333336
ODT904,2025-07-03 13:30:53,2025-07-03 14:11:27,5570,AGUAS DE HELICONIA S.A  E S P,Heliconia,ORDINARIOS E INERTES,40.56666666666667
ODT904,2025-07-07 14:33:53,2025-07-07 15:17:25,5860,AGUAS DE HELICONIA S.A  E S P,Heliconia,ORDINARIOS E INERTES,43.53333333333333
ODT904,2025-07-09 06:45:43,2025-07-09 07:10:14,4080,AGUAS DE HELICONIA S.A  E S P,Heliconia,ORDINARIOS E INERTES,24.516666666666666
ODT904,2025-07-12 08:52:08,2025-07-12 09:23:46,4840,AGUAS DE HELICONIA S.A  E S P,Heliconia,ORDINARIOS E INERTES,31.633333333333333
ODT904,2025-07-16 08:38:15,2025-07-16 09:06:51,6190,AGUAS DE HELICONIA S.A  E S P,Heliconia,ORDINARIOS E INERTES,28.6
ODT904,2025-07-19 06:51:07,2025-07-19 07:23:29,5160,AGUAS DE HELICONIA S.A  E S P,Heliconia,ORDINARIOS E INERTES,32.36666666666667
ODT904,2025-07-23 08:15:28,2025-07-23 08:37:43,5340,AGUAS DE HELICONIA S.A  E S P,Heliconia,ORDINARIOS E INERTES,22.25
ODT904,2025-07-26 08:11:35,2025-07-26 08:32:36,5100,AGUAS DE HELICONIA S.A  E S P,Heliconia,ORDINARIOS E INERTES,21.016666666666666
ODT904,2025-07-30 08:53:59,2025-07-30 09:14:10,6320,AGUAS DE HELICONIA S.A  E S P,Heliconia,ORDINARIOS E INERTES,20.183333333333334
ODT904,2025-08-01 23:20:07,2025-08-01 23:48:52,4570,AGUAS DE HELICONIA S.A  E S P,Heliconia,ORDINARIOS E INERTES,28.75
ODT904,2025-08-06 08:10:43,2025-08-06 08:32:35,5710,AGUAS DE HELICONIA S.A  E S P,Heliconia,ORDINARIOS E INERTES,21.866666666666667
ODT904,2025-08-09 12:59:19,2025-08-09 13:22:03,5230,AGUAS DE HELICONIA S.A  E S P,Heliconia,ORDINARIOS E INERTES,22.733333333333334
ODT904,2025-08-13 08:07:42,2025-08-13 08:28:34,6080,AGUAS DE HELICONIA S.A  E S P,Heliconia,ORDINARIOS E INERTES,20.866666666666667
ODT904,2025-08-16 08:12:02,2025-08-16 08:30:58,5640,AGUAS DE HELICONIA S.A  E S P,Heliconia,ORDINARIOS E INERTES,18.933333333333334
ODT904,2025-08-20 08:22:15,2025-08-20 08:42:21,5800,AGUAS DE HELICONIA S.A  E S P,Heliconia,ORDINARIOS E INERTES,20.1
ODT904,2025-08-23 07:52:16,2025-08-23 08:14:48,5020,AGUAS DE HELICONIA S.A  E S P,Heliconia,ORDINARIOS E INERTES,22.533333333333335
ODT904,2025-08-27 09:15:32,2025-08-27 09:35:40,7050,AGUAS DE HELICONIA S.A  E S P,Heliconia,ORDINARIOS E INERTES,20.133333333333333
ODT904,2025-08-30 07:55:36,2025-08-30 08:19:56,4830,AGUAS DE HELICONIA S.A  E S P,Heliconia,ORDINARIOS E INERTES,24.333333333333332
ODT904,2025-09-03 07:21:45,2025-09-03 07:50:35,5420,AGUAS DE HELICONIA S.A  E S P,Heliconia,ORDINARIOS E INERTES,28.833333333333332
ODT904,2025-09-06 08:02:26,2025-09-06 08:21:32,4800,AGUAS DE HELICONIA S.A  E S P,Heliconia,ORDINARIOS E INERTES,19.1
ODT904,2025-09-10 08:11:00,2025-09-10 08:34:19,6530,AGUAS DE HELICONIA S.A  E S P,Heliconia,ORDINARIOS E INERTES,23.316666666666666
ODT904,2025-09-13 08:07:12,2025-09-13 08:30:32,5320,AGUAS DE HELICONIA S.A  E S P,Heliconia,ORDINARIOS E INERTES,23.333333333333332
ODT904,2025-09-17 08:07:13,2025-09-17 08:26:12,5110,AGUAS DE HELICONIA S.A  E S P,Heliconia,ORDINARIOS E INERTES,18.983333333333334
ODT904,2025-09-20 08:11:44,2025-09-20 12:27:30,4700,AGUAS DE HELICONIA S.A  E S P,Heliconia,ORDINARIOS E INERTES,255.76666666666668
ODT904,2025-10-01 01:37:09,2025-10-01 02:22:06,7700,AGUAS DE HELICONIA S.A  E S P,Heliconia,ORDINARIOS E INERTES,44.95
ODT904,2025-10-01 15:24:58,2025-10-01 16:02:02,5600,AGUAS DE HELICONIA S.A  E S P,Heliconia,ORDINARIOS E INERTES,37.06666666666667
ODT904,2025-10-04 08:10:34,2025-10-04 08:28:06,3940,AGUAS DE HELICONIA S.A  E S P,Heliconia,ORDINARIOS E INERTES,17.533333333333335
ODT904,2025-10-06 20:42:52,2025-10-06 21:36:01,5180,AGUAS DE HELICONIA S.A  E S P,Heliconia,ORDINARIOS E INERTES,53.15
ODT904,2025-10-09 15:26:54,2025-10-09 16:01:28,5640,AGUAS DE HELICONIA S.A  E S P,Heliconia,ORDINARIOS E INERTES,34.56666666666667
ODT904,2025-10-11 08:27:00,2025-10-11 08:48:11,3010,AGUAS DE HELICONIA S.A  E S P,Heliconia,ORDINARIOS E INERTES,21.183333333333334
ODT904,2025-10-15 09:41:24,2025-10-15 10:13:36,5810,AGUAS DE HELICONIA S.A  E S P,Heliconia,ORDINARIOS E INERTES,32.2
ODT904,2025-10-18 09:02:14,2025-10-18 09:28:01,6080,AGUAS DE HELICONIA S.A  E S P,Heliconia,ORDINARIOS E INERTES,25.783333333333335
ODT904,2025-10-22 09:38:53,2025-10-22 10:05:57,6280,AGUAS DE HELICONIA S.A  E S P,Heliconia,ORDINARIOS E INERTES,27.066666666666666
ODT904,2025-10-25 09:30:37,2025-10-25 09:54:49,5860,AGUAS DE HELICONIA S.A  E S P,Heliconia,ORDINARIOS E INERTES,24.2
ODT904,2025-10-29 09:14:51,2025-10-29 09:35:12,4420,AGUAS DE HELICONIA S.A  E S P,Heliconia,ORDINARIOS E INERTES,20.35
ODT904,2025-10-31 13:55:17,2025-10-31 14:46:48,5150,AGUAS DE HELICONIA S.A  E S P,Heliconia,ORDINARIOS E INERTES,51.516666666666666
ODT904,2025-11-04 22:11:17,2025-11-04 22:54:36,6190,AGUAS DE HELICONIA S.A  E S P,Heliconia,ORDINARIOS E INERTES,43.31666666666667
ODT904,2025-11-06 13:16:00,2025-11-06 14:16:14,5010,AGUAS DE HELICONIA S.A  E S P,Heliconia,ORDINARIOS E INERTES,60.233333333333334
ODT904,2025-11-08 07:53:52,2025-11-08 08:11:30,3660,AGUAS DE HELICONIA S.A  E S P,Heliconia,ORDINARIOS E INERTES,17.633333333333333
ODT904,2025-11-12 06:48:41,2025-11-12 07:16:53,5280,AGUAS DE HELICONIA S.A  E S P,Heliconia,ORDINARIOS E INERTES,28.2
ODT904,2025-11-15 08:15:07,2025-11-15 08:31:27,5510,AGUAS DE HELICONIA S.A  E S P,Heliconia,ORDINARIOS E INERTES,16.333333333333332
ODT904,2025-11-19 09:14:22,2025-11-19 09:39:33,6060,AGUAS DE HELICONIA S.A  E S P,Heliconia,ORDINARIOS E INERTES,25.183333333333334
ODT904,2025-11-22 08:21:49,2025-11-22 08:41:25,5910,AGUAS DE HELICONIA S.A  E S P,Heliconia,ORDINARIOS E INERTES,19.6
ODT904,2025-11-26 05:22:26,2025-11-26 05:49:51,5880,AGUAS DE HELICONIA S.A  E S P,Heliconia,ORDINARIOS E INERTES,27.416666666666668
ODT904,2025-11-29 07:04:38,2025-11-29 07:38:30,5830,AGUAS DE HELICONIA S.A  E S P,Heliconia,ORDINARIOS E INERTES,33.86666666666667
ODT904,2025-12-02 11:18:14,2025-12-02 11:36:55,5330,AGUAS DE HELICONIA S.A  E S P,Heliconia,ORDINARIOS E INERTES,18.683333333333334
ODT904,2025-12-04 13:48:05,2025-12-04 14:22:08,4120,AGUAS DE HELICONIA S.A  E S P,Heliconia,ORDINARIOS E INERTES,34.05
ODT904,2025-12-06 06:48:44,2025-12-06 07:13:44,3700,AGUAS DE HELICONIA S.A  E S P,Heliconia,ORDINARIOS E INERTES,25.0
ODT904,2025-12-10 06:58:43,2025-12-10 07:57:28,6630,AGUAS DE HELICONIA S.A  E S P,Heliconia,ORDINARIOS E INERTES,58.75
ODT904,2025-12-13 06:53:26,2025-12-13 07:14:52,3220,AGUAS DE HELICONIA S.A  E S P,Heliconia,ORDINARIOS E INERTES,21.433333333333334
ODT904,2025-12-16 12:58:45,2025-12-16 13:32:48,6190,AGUAS DE HELICONIA S.A  E S P,Heliconia,ORDINARIOS E INERTES,34.05
ODT904,2025-12-19 20:27:54,2025-12-19 20:51:11,6530,AGUAS DE HELICONIA S.A  E S P,Heliconia,ORDINARIOS E INERTES,23.283333333333335
ODT904,2025-12-24 05:44:25,2025-12-24 06:05:28,6540,AGUAS DE HELICONIA S.A  E S P,Heliconia,ORDINARIOS E INERTES,21.05
ODT904,2025-12-27 05:48:24,2025-12-27 06:16:10,6350,AGUAS DE HELICONIA S.A  E S P,Heliconia,ORDINARIOS E INERTES,27.766666666666666
ODT904,2025-12-29 16:29:24,2025-12-29 17:02:48,4140,AGUAS DE HELICONIA S.A  E S P,Heliconia,ORDINARIOS E INERTES,33.4
ODT904,2025-12-31 05:30:18,2025-12-31 05:49:07,5030,AGUAS DE HELICONIA S.A  E S P,Heliconia,ORDINARIOS E INERTES,18.816666666666666
ODT904,2026-01-03 05:59:59,2026-01-03 06:21:44,6080,AGUAS DE HELICONIA S.A  E S P,Heliconia,ORDINARIOS E INERTES,21.75
ODT904,2026-01-07 06:16:19,2026-01-07 06:44:58,5760,AGUAS DE HELICONIA S.A  E S P,Heliconia,ORDINARIOS E INERTES,28.65
ODT904,2026-01-08 12:52:58,2026-01-08 13:38:19,5770,AGUAS DE HELICONIA S.A  E S P,Heliconia,ORDINARIOS E INERTES,45.35
ODT904,2026-01-10 06:59:36,2026-01-10 07:16:38,4270,AGUAS DE HELICONIA S.A  E S P,Heliconia,ORDINARIOS E INERTES,17.033333333333335
ODT904,2026-01-13 14:11:23,2026-01-13 14:49:35,4440,AGUAS DE HELICONIA S.A  E S P,Heliconia,ORDINARIOS E INERTES,38.2
ODT904,2026-01-15 06:11:51,2026-01-15 06:32:17,4740,AGUAS DE HELICONIA S.A  E S P,Heliconia,ORDINARIOS E INERTES,20.433333333333334
ODT904,2026-01-17 06:14:43,2026-01-17 06:34:01,5790,AGUAS DE HELICONIA S.A  E S P,Heliconia,ORDINARIOS E INERTES,19.3
ODT904,2026-01-21 05:39:02,2026-01-21 06:00:19,6280,AGUAS DE HELICONIA S.A  E S P,Heliconia,ORDINARIOS E INERTES,21.283333333333335
ODT904,2026-01-24 06:06:13,2026-01-24 06:53:10,5740,AGUAS DE HELICONIA S.A  E S P,Heliconia,ORDINARIOS E INERTES,46.95
ODT904,2026-01-28 05:43:28,2026-01-28 06:12:30,6160,AGUAS DE HELICONIA S.A  E S P,Heliconia,ORDINARIOS E INERTES,29.033333333333335
ODT904,2026-01-31 06:16:05,2026-01-31 06:39:39,6730,AGUAS DE HELICONIA S.A  E S P,Heliconia,ORDINARIOS E INERTES,23.566666666666666
ODT904,2026-02-04 07:00:11,2026-02-04 07:18:22,5970,AGUAS DE HELICONIA S.A  E S P,Heliconia,ORDINARIOS E INERTES,18.183333333333334
ODT904,2026-02-07 06:44:59,2026-02-07 07:05:45,5550,AGUAS DE HELICONIA S.A  E S P,Heliconia,ORDINARIOS E INERTES,20.766666666666666
ODT904,2026-02-11 05:29:52,2026-02-11 05:52:47,6220,AGUAS DE HELICONIA S.A  E S P,Heliconia,ORDINARIOS E INERTES,22.916666666666668
ODT904,2026-02-14 06:42:01,2026-02-14 07:03:45,5690,AGUAS DE HELICONIA S.A  E S P,Heliconia,ORDINARIOS E INERTES,21.733333333333334
ODT904,2026-02-18 05:38:01,2026-02-18 06:03:16,6250,AGUAS DE HELICONIA S.A  E S P,Heliconia,ORDINARIOS E INERTES,25.25
ODT904,2026-02-21 05:28:40,2026-02-21 05:54:18,4880,AGUAS DE HELICONIA S.A  E S P,Heliconia,ORDINARIOS E INERTES,25.633333333333333
ODT904,2026-02-24 16:47:47,2026-02-24 17:20:45,6180,AGUAS DE HELICONIA S.A  E S P,Heliconia,ORDINARIOS E INERTES,32.96666666666667
ODT904,2026-02-28 07:07:08,2026-02-28 07:25:10,5260,AGUAS DE HELICONIA S.A  E S P,Heliconia,ORDINARIOS E INERTES,18.033333333333335
ODT904,2026-03-04 06:06:24,2026-03-04 06:33:54,6210,AGUAS DE HELICONIA S.A  E S P,Heliconia,ORDINARIOS E INERTES,27.5
ODT904,2026-03-07 06:46:19,2026-03-07 07:09:02,5020,AGUAS DE HELICONIA S.A  E S P,Heliconia,ORDINARIOS E INERTES,22.716666666666665
ODT904,2026-03-11 09:18:05,2026-03-11 09:39:02,6390,AGUAS DE HELICONIA S.A  E S P,Heliconia,ORDINARIOS E INERTES,20.95
ODT904,2026-03-14 06:10:30,2026-03-14 06:39:02,5100,AGUAS DE HELICONIA S.A  E S P,Heliconia,ORDINARIOS E INERTES,28.533333333333335
ODT904,2026-03-18 05:43:55,2026-03-18 06:04:24,5440,AGUAS DE HELICONIA S.A  E S P,Heliconia,ORDINARIOS E INERTES,20.483333333333334
ODT904,2026-03-21 06:38:44,2026-03-21 07:02:12,4980,AGUAS DE HELICONIA S.A  E S P,Heliconia,ORDINARIOS E INERTES,23.466666666666665
ODT904,2026-03-25 07:57:34,2026-03-25 08:21:54,6010,AGUAS DE HELICONIA S.A  E S P,Heliconia,ORDINARIOS E INERTES,24.333333333333332
ODT904,2026-03-28 06:43:38,2026-03-28 07:08:41,6710,AGUAS DE HELICONIA S.A  E S P,Heliconia,ORDINARIOS E INERTES,25.05
ODT904,2026-04-01 10:05:27,2026-04-01 10:24:26,5520,AGUAS DE HELICONIA S.A  E S P,Heliconia,ORDINARIOS E INERTES,18.983333333333334
ODT904,2026-04-05 07:23:01,2026-04-05 07:52:32,5360,AGUAS DE HELICONIA S.A  E S P,Heliconia,ORDINARIOS E INERTES,29.516666666666666
ODT904,2026-04-08 07:31:08,2026-04-08 08:07:39,5760,AGUAS DE HELICONIA S.A  E S P,Heliconia,ORDINARIOS E INERTES,36.516666666666666
ODT904,2026-04-09 17:43:00,2026-04-09 18:07:40,5570,AGUAS DE HELICONIA S.A  E S P,Heliconia,ORDINARIOS E INERTES,24.666666666666668
ODT904,2026-04-11 07:15:16,2026-04-11 07:40:09,4530,AGUAS DE HELICONIA S.A  E S P,Heliconia,ORDINARIOS E INERTES,24.883333333333333
ODT904,2026-04-15 07:18:13,2026-04-15 07:42:38,4040,AGUAS DE HELICONIA S.A  E S P,Heliconia,ORDINARIOS E INERTES,24.416666666666668
ODT904,2026-04-18 06:42:26,2026-04-18 07:03:06,4900,AGUAS DE HELICONIA S.A  E S P,Heliconia,ORDINARIOS E INERTES,20.666666666666668
ODT904,2026-04-22 07:14:49,2026-04-22 07:42:09,6180,AGUAS DE HELICONIA S.A  E S P,Heliconia,ORDINARIOS E INERTES,27.333333333333332
ODT904,2026-04-25 06:51:55,2026-04-25 07:12:05,5390,AGUAS DE HELICONIA S.A  E S P,Heliconia,ORDINARIOS E INERTES,20.166666666666668
ODT904,2026-04-29 06:53:17,2026-04-29 07:15:12,6040,AGUAS DE HELICONIA S.A  E S P,Heliconia,ORDINARIOS E INERTES,21.916666666666668
ODT904,2026-05-02 06:25:08,2026-05-02 06:47:15,4360,AGUAS DE HELICONIA S.A  E S P,Heliconia,ORDINARIOS E INERTES,22.116666666666667
ODT904,2026-05-06 07:14:42,2026-05-06 08:18:23,6930,AGUAS DE HELICONIA S.A  E S P,Heliconia,ORDINARIOS E INERTES,63.68333333333333
ODT904,2026-05-09 06:58:48,2026-05-09 07:21:24,5870,AGUAS DE HELICONIA S.A  E S P,Heliconia,ORDINARIOS E INERTES,22.6
ODT904,2026-05-13 07:02:20,2026-05-13 07:31:09,5830,AGUAS DE HELICONIA S.A  E S P,Heliconia,ORDINARIOS E INERTES,28.816666666666666
ODT904,2026-05-16 06:57:15,2026-05-16 07:28:38,5290,AGUAS DE HELICONIA S.A  E S P,Heliconia,ORDINARIOS E INERTES,31.383333333333333
ODT904,2026-05-20 07:01:05,2026-05-20 07:41:16,6630,AGUAS DE HELICONIA S.A  E S P,Heliconia,ORDINARIOS E INERTES,40.18333333333333
ODT904,2026-05-23 06:54:21,2026-05-23 07:15:42,6570,AGUAS DE HELICONIA S.A  E S P,Heliconia,ORDINARIOS E INERTES,21.35
FPZ460,2021-01-01 07:55:56,2021-01-01 08:20:44,9770,AGUAS DE SAN JERONIMO ESP,San Jerónimo,RESIDUOS RESIDENCIALES,24.8
OKL244,2021-01-01 16:30:51,2021-01-01 16:56:21,7690,AGUAS DE SAN JERONIMO ESP,San Jerónimo,RESIDUOS RESIDENCIALES,25.5
FPZ460,2021-01-02 13:16:39,2021-01-02 13:52:50,8620,AGUAS DE SAN JERONIMO ESP,San Jerónimo,RESIDUOS RESIDENCIALES,36.18333333333333
OKL244,2021-01-02 13:17:21,2021-01-02 13:53:27,6870,AGUAS DE SAN JERONIMO ESP,San Jerónimo,RESIDUOS RESIDENCIALES,36.1
OKL244,2021-01-04 10:36:10,2021-01-04 11:05:16,7730,AGUAS DE SAN JERONIMO ESP,San Jerónimo,RESIDUOS RESIDENCIALES,29.1
FPZ460,2021-01-04 13:34:58,2021-01-04 14:32:48,9460,AGUAS DE SAN JERONIMO ESP,San Jerónimo,RESIDUOS RESIDENCIALES,57.833333333333336
OKL244,2021-01-05 03:13:33,2021-01-05 03:52:10,8590,AGUAS DE SAN JERONIMO ESP,San Jerónimo,RESIDUOS RESIDENCIALES,38.61666666666667
FPZ460,2021-01-05 14:20:26,2021-01-05 15:04:03,9400,AGUAS DE SAN JERONIMO ESP,San Jerónimo,RESIDUOS RESIDENCIALES,43.61666666666667
OKL244,2021-01-05 14:46:09,2021-01-05 15:26:52,7420,AGUAS DE SAN JERONIMO ESP,San Jerónimo,RESIDUOS RESIDENCIALES,40.71666666666667
OKL244,2021-01-06 12:49:31,2021-01-06 13:46:23,7170,AGUAS DE SAN JERONIMO ESP,San Jerónimo,RESIDUOS RESIDENCIALES,56.86666666666667
FPZ460,2021-01-06 14:16:28,2021-01-06 15:06:17,9540,AGUAS DE SAN JERONIMO ESP,San Jerónimo,RESIDUOS RESIDENCIALES,49.81666666666667
OKL244,2021-01-06 23:02:19,2021-01-06 23:30:11,8810,AGUAS DE SAN JERONIMO ESP,San Jerónimo,RESIDUOS RESIDENCIALES,27.866666666666667
OKL244,2021-01-07 12:28:00,2021-01-07 13:01:19,6410,AGUAS DE SAN JERONIMO ESP,San Jerónimo,RESIDUOS RESIDENCIALES,33.31666666666667
FPZ460,2021-01-07 13:24:25,2021-01-07 14:21:46,9300,AGUAS DE SAN JERONIMO ESP,San Jerónimo,RESIDUOS RESIDENCIALES,57.35
FPZ460,2021-01-08 13:55:44,2021-01-08 14:31:47,9380,AGUAS DE SAN JERONIMO ESP,San Jerónimo,RESIDUOS RESIDENCIALES,36.05
FPZ460,2021-01-09 13:24:55,2021-01-09 13:52:25,8630,AGUAS DE SAN JERONIMO ESP,San Jerónimo,RESIDUOS RESIDENCIALES,27.5
OKL244,2021-01-09 14:42:02,2021-01-09 15:06:47,7610,AGUAS DE SAN JERONIMO ESP,San Jerónimo,RESIDUOS RESIDENCIALES,24.75
FPZ460,2021-01-11 13:29:32,2021-01-11 13:57:50,10350,AGUAS DE SAN JERONIMO ESP,San Jerónimo,RESIDUOS RESIDENCIALES,28.3
OKL244,2021-01-11 14:00:59,2021-01-11 14:25:20,7340,AGUAS DE SAN JERONIMO ESP,San Jerónimo,RESIDUOS RESIDENCIALES,24.35
FPZ460,2021-01-12 14:43:08,2021-01-12 15:14:22,9150,AGUAS DE SAN JERONIMO ESP,San Jerónimo,RESIDUOS RESIDENCIALES,31.233333333333334
OKL244,2021-01-12 14:53:32,2021-01-12 15:33:45,7920,AGUAS DE SAN JERONIMO ESP,San Jerónimo,RESIDUOS RESIDENCIALES,40.21666666666667
FPZ460,2021-01-13 13:45:40,2021-01-13 14:31:20,9380,AGUAS DE SAN JERONIMO ESP,San Jerónimo,RESIDUOS RESIDENCIALES,45.666666666666664
OKL244,2021-01-13 13:48:07,2021-01-13 14:38:07,7970,AGUAS DE SAN JERONIMO ESP,San Jerónimo,RESIDUOS RESIDENCIALES,50.0
FPZ460,2021-01-14 13:02:09,2021-01-14 13:43:07,9180,AGUAS DE SAN JERONIMO ESP,San Jerónimo,RESIDUOS RESIDENCIALES,40.96666666666667
OKL244,2021-01-14 14:13:36,2021-01-14 14:41:12,7990,AGUAS DE SAN JERONIMO ESP,San Jerónimo,RESIDUOS RESIDENCIALES,27.6
OKL244,2021-01-15 12:58:32,2021-01-15 13:36:45,6920,AGUAS DE SAN JERONIMO ESP,San Jerónimo,RESIDUOS RESIDENCIALES,38.21666666666667
FPZ460,2021-01-15 14:35:54,2021-01-15 15:25:44,8880,AGUAS DE SAN JERONIMO ESP,San Jerónimo,RESIDUOS RESIDENCIALES,49.833333333333336
FPZ460,2021-01-16 14:13:44,2021-01-16 14:44:02,9090,AGUAS DE SAN JERONIMO ESP,San Jerónimo,RESIDUOS RESIDENCIALES,30.3
OKL244,2021-01-18 22:33:03,2021-01-18 23:15:30,8150,AGUAS DE SAN JERONIMO ESP,San Jerónimo,RESIDUOS RESIDENCIALES,42.45
FPZ460,2021-01-18 15:03:37,2021-01-18 15:34:59,9170,AGUAS DE SAN JERONIMO ESP,San Jerónimo,RESIDUOS RESIDENCIALES,31.366666666666667
FPZ460,2021-01-19 15:15:23,2021-01-19 15:47:12,9130,AGUAS DE SAN JERONIMO ESP,San Jerónimo,RESIDUOS RESIDENCIALES,31.816666666666666
OKL244,2021-01-20 14:27:03,2021-01-20 15:11:14,7370,AGUAS DE SAN JERONIMO ESP,San Jerónimo,RESIDUOS RESIDENCIALES,44.18333333333333
FPZ460,2021-01-20 14:49:22,2021-01-20 15:25:33,9720,AGUAS DE SAN JERONIMO ESP,San Jerónimo,RESIDUOS RESIDENCIALES,36.18333333333333
FPZ460,2021-01-21 13:31:11,2021-01-21 14:08:05,9690,AGUAS DE SAN JERONIMO ESP,San Jerónimo,RESIDUOS RESIDENCIALES,36.9
OKL244,2021-01-22 14:46:41,2021-01-22 15:17:16,7340,AGUAS DE SAN JERONIMO ESP,San Jerónimo,RESIDUOS RESIDENCIALES,30.583333333333332
FPZ460,2021-01-22 15:07:03,2021-01-22 15:32:25,8170,AGUAS DE SAN JERONIMO ESP,San Jerónimo,RESIDUOS RESIDENCIALES,25.366666666666667
FPZ460,2021-01-23 14:56:48,2021-01-23 15:38:19,8680,AGUAS DE SAN JERONIMO ESP,San Jerónimo,RESIDUOS RESIDENCIALES,41.516666666666666
OKL244,2021-01-25 13:57:21,2021-01-25 14:42:00,7410,AGUAS DE SAN JERONIMO ESP,San Jerónimo,RESIDUOS RESIDENCIALES,44.65
FPZ460,2021-01-25 15:59:35,2021-01-25 16:29:13,9210,AGUAS DE SAN JERONIMO ESP,San Jerónimo,RESIDUOS RESIDENCIALES,29.633333333333333
FPZ460,2021-01-26 15:31:45,2021-01-26 16:04:55,8740,AGUAS DE SAN JERONIMO ESP,San Jerónimo,RESIDUOS RESIDENCIALES,33.166666666666664
OKL244,2021-01-26 17:49:14,2021-01-26 18:17:10,6820,AGUAS DE SAN JERONIMO ESP,San Jerónimo,RESIDUOS RESIDENCIALES,27.933333333333334
FPZ460,2021-01-27 14:39:12,2021-01-27 15:43:00,9050,AGUAS DE SAN JERONIMO ESP,San Jerónimo,RESIDUOS RESIDENCIALES,63.8
FPZ460,2021-01-28 13:10:04,2021-01-28 14:12:57,9400,AGUAS DE SAN JERONIMO ESP,San Jerónimo,RESIDUOS RESIDENCIALES,62.88333333333333
OKL244,2021-01-28 17:10:05,2021-01-28 17:39:57,6220,AGUAS DE SAN JERONIMO ESP,San Jerónimo,RESIDUOS RESIDENCIALES,29.866666666666667
OKL244,2021-01-29 14:23:25,2021-01-29 14:46:35,6510,AGUAS DE SAN JERONIMO ESP,San Jerónimo,RESIDUOS RESIDENCIALES,23.166666666666668
OKL244,2021-01-30 14:56:45,2021-01-30 15:24:34,7420,AGUAS DE SAN JERONIMO ESP,San Jerónimo,RESIDUOS RESIDENCIALES,27.816666666666666
OKL244,2021-01-31 14:17:19,2021-01-31 14:44:44,7330,AGUAS DE SAN JERONIMO ESP,San Jerónimo,RESIDUOS RESIDENCIALES,27.416666666666668
OKL244,2021-02-01 12:02:22,2021-02-01 12:44:53,7530,AGUAS DE SAN JERONIMO ESP,San Jerónimo,RESIDUOS RESIDENCIALES,42.516666666666666
OKL244,2021-02-01 21:48:00,2021-02-01 23:02:06,6740,AGUAS DE SAN JERONIMO ESP,San Jerónimo,RESIDUOS RESIDENCIALES,74.1
FPZ460,2021-02-02 15:40:06,2021-02-02 16:28:59,8450,AGUAS DE SAN JERONIMO ESP,San Jerónimo,RESIDUOS RESIDENCIALES,48.88333333333333
OKL244,2021-02-02 15:56:36,2021-02-02 16:59:05,7300,AGUAS DE SAN JERONIMO ESP,San Jerónimo,RESIDUOS RESIDENCIALES,62.483333333333334
FPZ460,2021-02-03 15:19:06,2021-02-03 15:45:43,9180,AGUAS DE SAN JERONIMO ESP,San Jerónimo,RESIDUOS RESIDENCIALES,26.616666666666667
FPZ460,2021-02-04 15:04:41,2021-02-04 15:39:43,9650,AGUAS DE SAN JERONIMO ESP,San Jerónimo,RESIDUOS RESIDENCIALES,35.03333333333333
FPZ460,2021-02-05 18:44:59,2021-02-05 19:20:25,9260,AGUAS DE SAN JERONIMO ESP,San Jerónimo,RESIDUOS RESIDENCIALES,35.43333333333333
OKL244,2021-02-06 03:21:53,2021-02-06 03:46:03,6310,AGUAS DE SAN JERONIMO ESP,San Jerónimo,RESIDUOS RESIDENCIALES,24.166666666666668
FPZ460,2021-02-06 16:00:57,2021-02-06 16:31:31,9450,AGUAS DE SAN JERONIMO ESP,San Jerónimo,RESIDUOS RESIDENCIALES,30.566666666666666
FPZ460,2021-02-08 15:48:43,2021-02-08 16:20:07,9750,AGUAS DE SAN JERONIMO ESP,San Jerónimo,RESIDUOS RESIDENCIALES,31.4
OKL244,2021-02-08 15:50:02,2021-02-08 16:28:46,7720,AGUAS DE SAN JERONIMO ESP,San Jerónimo,RESIDUOS RESIDENCIALES,38.733333333333334
FPZ460,2021-02-09 15:18:34,2021-02-09 16:03:02,9450,AGUAS DE SAN JERONIMO ESP,San Jerónimo,RESIDUOS RESIDENCIALES,44.46666666666667
OKL244,2021-02-10 15:50:00,2021-02-10 16:14:53,7010,AGUAS DE SAN JERONIMO ESP,San Jerónimo,RESIDUOS RESIDENCIALES,24.883333333333333
FPZ460,2021-02-10 16:37:23,2021-02-10 17:08:51,10200,AGUAS DE SAN JERONIMO ESP,San Jerónimo,RESIDUOS RESIDENCIALES,31.466666666666665
FPZ460,2021-02-11 12:27:16,2021-02-11 13:13:05,7820,AGUAS DE SAN JERONIMO ESP,San Jerónimo,RESIDUOS RESIDENCIALES,45.81666666666667
OKL244,2021-02-12 15:53:57,2021-02-12 16:21:17,7750,AGUAS DE SAN JERONIMO ESP,San Jerónimo,RESIDUOS RESIDENCIALES,27.333333333333332
FPZ460,2021-02-13 15:30:21,2021-02-13 16:03:12,9060,AGUAS DE SAN JERONIMO ESP,San Jerónimo,RESIDUOS RESIDENCIALES,32.85
OKL244,2021-02-14 14:17:24,2021-02-14 14:43:06,6280,AGUAS DE SAN JERONIMO ESP,San Jerónimo,RESIDUOS RESIDENCIALES,25.7
FPZ460,2021-02-15 13:09:23,2021-02-15 14:15:12,9530,AGUAS DE SAN JERONIMO ESP,San Jerónimo,RESIDUOS RESIDENCIALES,65.81666666666666
FPZ460,2021-02-16 16:10:11,2021-02-16 16:40:23,9390,AGUAS DE SAN JERONIMO ESP,San Jerónimo,RESIDUOS RESIDENCIALES,30.2
OKL244,2021-02-16 16:36:29,2021-02-16 17:02:19,7340,AGUAS DE SAN JERONIMO ESP,San Jerónimo,RESIDUOS RESIDENCIALES,25.833333333333332
FPZ460,2021-02-17 16:27:30,2021-02-17 17:00:56,9560,AGUAS DE SAN JERONIMO ESP,San Jerónimo,RESIDUOS RESIDENCIALES,33.43333333333333
OKL244,2021-02-18 13:47:53,2021-02-18 14:20:33,6880,AGUAS DE SAN JERONIMO ESP,San Jerónimo,RESIDUOS RESIDENCIALES,32.666666666666664
FPZ460,2021-02-19 10:19:11,2021-02-19 10:52:22,10560,AGUAS DE SAN JERONIMO ESP,San Jerónimo,RESIDUOS RESIDENCIALES,33.18333333333333
OKL244,2021-02-19 16:10:52,2021-02-19 16:39:16,7240,AGUAS DE SAN JERONIMO ESP,San Jerónimo,RESIDUOS RESIDENCIALES,28.4
FPZ460,2021-02-20 15:01:36,2021-02-20 15:29:57,9690,AGUAS DE SAN JERONIMO ESP,San Jerónimo,RESIDUOS RESIDENCIALES,28.35
FPZ460,2021-02-22 14:24:02,2021-02-22 15:28:02,10330,AGUAS DE SAN JERONIMO ESP,San Jerónimo,RESIDUOS RESIDENCIALES,64.0
OKL244,2021-02-22 17:38:56,2021-02-22 18:15:43,7430,AGUAS DE SAN JERONIMO ESP,San Jerónimo,RESIDUOS RESIDENCIALES,36.78333333333333
OKL244,2021-02-24 15:37:16,2021-02-24 16:13:29,7260,AGUAS DE SAN JERONIMO ESP,San Jerónimo,RESIDUOS RESIDENCIALES,36.21666666666667
FPZ460,2021-02-24 15:37:58,2021-02-24 16:26:16,9120,AGUAS DE SAN JERONIMO ESP,San Jerónimo,RESIDUOS RESIDENCIALES,48.3
FPZ460,2021-02-25 14:22:06,2021-02-25 14:57:30,10040,AGUAS DE SAN JERONIMO ESP,San Jerónimo,RESIDUOS RESIDENCIALES,35.4
OKL244,2021-02-26 13:53:46,2021-02-26 14:24:37,7520,AGUAS DE SAN JERONIMO ESP,San Jerónimo,RESIDUOS RESIDENCIALES,30.85
FPZ460,2021-02-27 13:53:27,2021-02-27 14:20:10,8890,AGUAS DE SAN JERONIMO ESP,San Jerónimo,RESIDUOS RESIDENCIALES,26.716666666666665
OKL244,2021-02-28 11:58:12,2021-02-28 12:26:43,7620,AGUAS DE SAN JERONIMO ESP,San Jerónimo,RESIDUOS RESIDENCIALES,28.516666666666666
FPZ460,2021-03-01 14:14:33,2021-03-01 15:09:57,9060,AGUAS DE SAN JERONIMO ESP,San Jerónimo,RESIDUOS RESIDENCIALES,55.4
OKL244,2021-03-02 16:20:52,2021-03-02 16:48:04,7480,AGUAS DE SAN JERONIMO ESP,San Jerónimo,RESIDUOS RESIDENCIALES,27.2
FPZ460,2021-03-02 17:07:35,2021-03-02 17:35:58,10140,AGUAS DE SAN JERONIMO ESP,San Jerónimo,RESIDUOS RESIDENCIALES,28.383333333333333
FPZ460,2021-03-03 15:59:01,2021-03-03 16:43:49,9530,AGUAS DE SAN JERONIMO ESP,San Jerónimo,RESIDUOS RESIDENCIALES,44.8
FPZ460,2021-03-04 15:43:48,2021-03-04 16:09:14,10570,AGUAS DE SAN JERONIMO ESP,San Jerónimo,RESIDUOS RESIDENCIALES,25.433333333333334
OKL244,2021-03-04 16:24:42,2021-03-04 16:57:16,6680,AGUAS DE SAN JERONIMO ESP,San Jerónimo,RESIDUOS RESIDENCIALES,32.56666666666667
FPZ460,2021-03-05 19:11:11,2021-03-05 19:57:07,8610,AGUAS DE SAN JERONIMO ESP,San Jerónimo,RESIDUOS RESIDENCIALES,45.93333333333333
FPZ460,2021-03-06 16:50:54,2021-03-06 17:15:46,9240,AGUAS DE SAN JERONIMO ESP,San Jerónimo,RESIDUOS RESIDENCIALES,24.866666666666667
FPZ460,2021-03-08 15:49:45,2021-03-08 16:21:48,10090,AGUAS DE SAN JERONIMO ESP,San Jerónimo,RESIDUOS RESIDENCIALES,32.05
OKL244,2021-03-08 16:26:41,2021-03-08 16:53:05,6900,AGUAS DE SAN JERONIMO ESP,San Jerónimo,RESIDUOS RESIDENCIALES,26.4
FPZ460,2021-03-09 15:37:28,2021-03-09 16:14:33,8830,AGUAS DE SAN JERONIMO ESP,San Jerónimo,RESIDUOS RESIDENCIALES,37.083333333333336
OKL244,2021-03-10 15:26:45,2021-03-10 15:59:00,7590,AGUAS DE SAN JERONIMO ESP,San Jerónimo,RESIDUOS RESIDENCIALES,32.25
FPZ460,2021-03-11 03:20:25,2021-03-11 03:55:42,9120,AGUAS DE SAN JERONIMO ESP,San Jerónimo,RESIDUOS RESIDENCIALES,35.28333333333333
FPZ460,2021-03-11 15:32:28,2021-03-11 16:28:08,10430,AGUAS DE SAN JERONIMO ESP,San Jerónimo,RESIDUOS RESIDENCIALES,55.666666666666664
FPZ460,2021-03-12 16:16:40,2021-03-12 16:48:45,9600,AGUAS DE SAN JERONIMO ESP,San Jerónimo,RESIDUOS RESIDENCIALES,32.083333333333336
FPZ460,2021-03-13 15:27:51,2021-03-13 16:00:12,9490,AGUAS DE SAN JERONIMO ESP,San Jerónimo,RESIDUOS RESIDENCIALES,32.35
FPZ460,2021-03-15 14:53:22,2021-03-15 15:38:35,9760,AGUAS DE SAN JERONIMO ESP,San Jerónimo,RESIDUOS RESIDENCIALES,45.21666666666667
OKL244,2021-03-15 15:59:57,2021-03-15 16:31:15,7410,AGUAS DE SAN JERONIMO ESP,San Jerónimo,RESIDUOS RESIDENCIALES,31.3
FPZ460,2021-03-16 15:45:47,2021-03-16 16:25:30,9660,AGUAS DE SAN JERONIMO ESP,San Jerónimo,RESIDUOS RESIDENCIALES,39.71666666666667
OKL244,2021-03-17 14:19:50,2021-03-17 15:27:47,7170,AGUAS DE SAN JERONIMO ESP,San Jerónimo,RESIDUOS RESIDENCIALES,67.95
FPZ460,2021-03-17 16:35:06,2021-03-17 17:18:31,9400,AGUAS DE SAN JERONIMO ESP,San Jerónimo,RESIDUOS RESIDENCIALES,43.416666666666664
FPZ460,2021-03-18 15:10:53,2021-03-18 15:46:08,10300,AGUAS DE SAN JERONIMO ESP,San Jerónimo,RESIDUOS RESIDENCIALES,35.25
FPZ460,2021-03-19 15:36:54,2021-03-19 16:35:38,10000,AGUAS DE SAN JERONIMO ESP,San Jerónimo,RESIDUOS RESIDENCIALES,58.733333333333334
FPZ460,2021-03-20 16:21:27,2021-03-20 17:00:47,10150,AGUAS DE SAN JERONIMO ESP,San Jerónimo,RESIDUOS RESIDENCIALES,39.333333333333336
OKL244,2021-03-21 10:55:38,2021-03-21 11:28:12,6380,AGUAS DE SAN JERONIMO ESP,San Jerónimo,RESIDUOS RESIDENCIALES,32.56666666666667
FPZ460,2021-03-22 16:21:28,2021-03-22 16:54:03,10940,AGUAS DE SAN JERONIMO ESP,San Jerónimo,RESIDUOS RESIDENCIALES,32.583333333333336
OKL244,2021-03-23 14:21:55,2021-03-23 14:50:16,8150,AGUAS DE SAN JERONIMO ESP,San Jerónimo,RESIDUOS RESIDENCIALES,28.35
FPZ460,2021-03-23 15:02:33,2021-03-23 15:29:12,10230,AGUAS DE SAN JERONIMO ESP,San Jerónimo,RESIDUOS RESIDENCIALES,26.65
OKL244,2021-03-24 13:46:27,2021-03-24 14:42:30,7860,AGUAS DE SAN JERONIMO ESP,San Jerónimo,RESIDUOS RESIDENCIALES,56.05
FPZ460,2021-03-24 16:09:48,2021-03-24 16:43:14,10530,AGUAS DE SAN JERONIMO ESP,San Jerónimo,RESIDUOS RESIDENCIALES,33.43333333333333
OKL244,2021-03-25 15:29:58,2021-03-25 16:04:03,7970,AGUAS DE SAN JERONIMO ESP,San Jerónimo,RESIDUOS RESIDENCIALES,34.083333333333336
FPZ460,2021-03-25 16:58:38,2021-03-25 17:27:40,11270,AGUAS DE SAN JERONIMO ESP,San Jerónimo,RESIDUOS RESIDENCIALES,29.033333333333335
FPZ460,2021-03-27 16:06:42,2021-03-27 16:38:58,10210,AGUAS DE SAN JERONIMO ESP,San Jerónimo,RESIDUOS RESIDENCIALES,32.266666666666666
FPZ460,2021-03-29 14:56:04,2021-03-29 15:44:06,10430,AGUAS DE SAN JERONIMO ESP,San Jerónimo,RESIDUOS RESIDENCIALES,48.03333333333333
OKL244,2021-03-29 17:03:54,2021-03-29 17:40:20,7430,AGUAS DE SAN JERONIMO ESP,San Jerónimo,RESIDUOS RESIDENCIALES,36.43333333333333
OKL244,2021-03-30 16:19:49,2021-03-30 16:50:43,6630,AGUAS DE SAN JERONIMO ESP,San Jerónimo,RESIDUOS RESIDENCIALES,30.9
FPZ460,2021-03-31 03:06:32,2021-03-31 03:42:40,9530,AGUAS DE SAN JERONIMO ESP,San Jerónimo,RESIDUOS RESIDENCIALES,36.13333333333333
FPZ460,2021-03-31 17:24:46,2021-03-31 18:04:14,10230,AGUAS DE SAN JERONIMO ESP,San Jerónimo,RESIDUOS RESIDENCIALES,39.46666666666667
OKL244,2021-04-01 12:46:15,2021-04-01 13:30:47,7300,AGUAS DE SAN JERONIMO ESP,San Jerónimo,RESIDUOS RESIDENCIALES,44.53333333333333
FPZ460,2021-04-02 12:42:12,2021-04-02 13:12:30,11510,AGUAS DE SAN JERONIMO ESP,San Jerónimo,RESIDUOS RESIDENCIALES,30.3
OKL244,2021-04-02 15:47:03,2021-04-02 16:17:16,7860,AGUAS DE SAN JERONIMO ESP,San Jerónimo,RESIDUOS RESIDENCIALES,30.216666666666665
FPZ460,2021-04-03 14:52:54,2021-04-03 15:22:27,10690,AGUAS DE SAN JERONIMO ESP,San Jerónimo,RESIDUOS RESIDENCIALES,29.55
FPZ460,2021-03-26 17:02:02,2021-03-26 17:32:19,10130,AGUAS DE SAN JERONIMO ESP,San Jerónimo,RESIDUOS RESIDENCIALES,30.283333333333335
OKL244,2021-04-04 12:55:33,2021-04-04 13:20:14,6870,AGUAS DE SAN JERONIMO ESP,San Jerónimo,RESIDUOS RESIDENCIALES,24.683333333333334
FPZ460,2021-04-05 15:01:30,2021-04-05 15:43:23,11210,AGUAS DE SAN JERONIMO ESP,San Jerónimo,RESIDUOS RESIDENCIALES,41.88333333333333
OKL244,2021-04-06 11:55:03,2021-04-06 12:50:49,8450,AGUAS DE SAN JERONIMO ESP,San Jerónimo,RESIDUOS RESIDENCIALES,55.766666666666666
FPZ460,2021-04-06 16:51:44,2021-04-06 18:04:53,10440,AGUAS DE SAN JERONIMO ESP,San Jerónimo,RESIDUOS RESIDENCIALES,73.15
FPZ460,2021-04-07 15:02:16,2021-04-07 16:13:48,11290,AGUAS DE SAN JERONIMO ESP,San Jerónimo,RESIDUOS RESIDENCIALES,71.53333333333333
OKL244,2021-04-07 16:42:11,2021-04-07 17:25:15,7180,AGUAS DE SAN JERONIMO ESP,San Jerónimo,RESIDUOS RESIDENCIALES,43.06666666666667
OKL244,2021-04-08 13:39:34,2021-04-08 14:39:36,7720,AGUAS DE SAN JERONIMO ESP,San Jerónimo,RESIDUOS RESIDENCIALES,60.03333333333333
FPZ460,2021-04-09 03:17:42,2021-04-09 03:47:58,10150,AGUAS DE SAN JERONIMO ESP,San Jerónimo,RESIDUOS RESIDENCIALES,30.266666666666666
FPZ460,2021-04-09 15:26:50,2021-04-09 15:59:36,8650,AGUAS DE SAN JERONIMO ESP,San Jerónimo,RESIDUOS RESIDENCIALES,32.766666666666666
FPZ460,2021-04-11 10:06:18,2021-04-11 10:40:22,10350,AGUAS DE SAN JERONIMO ESP,San Jerónimo,RESIDUOS RESIDENCIALES,34.06666666666667
FPZ460,2021-04-12 13:49:42,2021-04-12 14:48:00,10820,AGUAS DE SAN JERONIMO ESP,San Jerónimo,RESIDUOS RESIDENCIALES,58.3
FPZ460,2021-04-13 14:07:18,2021-04-13 14:50:30,10960,AGUAS DE SAN JERONIMO ESP,San Jerónimo,RESIDUOS RESIDENCIALES,43.2
FPZ460,2021-04-14 15:31:08,2021-04-14 16:01:41,10020,AGUAS DE SAN JERONIMO ESP,San Jerónimo,RESIDUOS RESIDENCIALES,30.55
FPZ460,2021-04-15 13:38:44,2021-04-15 14:12:06,10590,AGUAS DE SAN JERONIMO ESP,San Jerónimo,RESIDUOS RESIDENCIALES,33.36666666666667
FPZ460,2021-04-16 02:39:35,2021-04-16 03:09:25,9380,AGUAS DE SAN JERONIMO ESP,San Jerónimo,RESIDUOS RESIDENCIALES,29.833333333333332
FPZ460,2021-04-16 14:50:50,2021-04-16 15:19:27,8020,AGUAS DE SAN JERONIMO ESP,San Jerónimo,RESIDUOS RESIDENCIALES,28.616666666666667
FPZ460,2021-04-18 10:18:21,2021-04-18 10:44:58,10370,AGUAS DE SAN JERONIMO ESP,San Jerónimo,RESIDUOS RESIDENCIALES,26.616666666666667
FPZ460,2021-04-19 14:35:32,2021-04-19 15:05:57,10650,AGUAS DE SAN JERONIMO ESP,San Jerónimo,RESIDUOS RESIDENCIALES,30.416666666666668
FPZ460,2021-04-20 14:58:43,2021-04-20 15:30:24,10310,AGUAS DE SAN JERONIMO ESP,San Jerónimo,RESIDUOS RESIDENCIALES,31.683333333333334
FPZ460,2021-04-21 15:47:49,2021-04-21 16:14:17,10240,AGUAS DE SAN JERONIMO ESP,San Jerónimo,RESIDUOS RESIDENCIALES,26.466666666666665
ODT965,2021-04-22 15:44:12,2021-04-22 16:12:23,13970,AGUAS DE SAN JERONIMO ESP,San Jerónimo,RESIDUOS RESIDENCIALES,28.183333333333334
ODT965,2021-04-24 16:05:52,2021-04-24 16:33:02,12360,AGUAS DE SAN JERONIMO ESP,San Jerónimo,RESIDUOS RESIDENCIALES,27.166666666666668
FPZ460,2021-04-25 12:01:56,2021-04-25 12:33:45,10430,AGUAS DE SAN JERONIMO ESP,San Jerónimo,RESIDUOS RESIDENCIALES,31.816666666666666
FPZ460,2021-04-26 15:19:56,2021-04-26 15:47:29,11190,AGUAS DE SAN JERONIMO ESP,San Jerónimo,RESIDUOS RESIDENCIALES,27.55
FPZ460,2021-04-27 17:59:26,2021-04-27 18:25:13,10610,AGUAS DE SAN JERONIMO ESP,San Jerónimo,RESIDUOS RESIDENCIALES,25.783333333333335
FPZ460,2021-04-28 14:17:00,2021-04-28 14:46:01,10300,AGUAS DE SAN JERONIMO ESP,San Jerónimo,RESIDUOS RESIDENCIALES,29.016666666666666
FPZ460,2021-04-29 03:30:59,2021-04-29 04:03:15,10910,AGUAS DE SAN JERONIMO ESP,San Jerónimo,RESIDUOS RESIDENCIALES,32.266666666666666
FPZ460,2021-04-29 16:04:46,2021-04-29 16:33:42,11230,AGUAS DE SAN JERONIMO ESP,San Jerónimo,RESIDUOS RESIDENCIALES,28.933333333333334
FPZ460,2021-05-01 01:27:51,2021-05-01 02:19:34,10500,AGUAS DE SAN JERONIMO ESP,San Jerónimo,RESIDUOS RESIDENCIALES,51.71666666666667
FPZ460,2021-05-02 10:14:49,2021-05-02 10:41:44,10550,AGUAS DE SAN JERONIMO ESP,San Jerónimo,RESIDUOS RESIDENCIALES,26.916666666666668
FPZ460,2021-05-03 13:33:56,2021-05-03 14:11:25,11310,AGUAS DE SAN JERONIMO ESP,San Jerónimo,RESIDUOS RESIDENCIALES,37.483333333333334
FPZ460,2021-05-04 14:00:51,2021-05-04 14:30:47,10760,AGUAS DE SAN JERONIMO ESP,San Jerónimo,RESIDUOS RESIDENCIALES,29.933333333333334
FPZ460,2021-05-05 03:12:38,2021-05-05 03:42:52,9910,AGUAS DE SAN JERONIMO ESP,San Jerónimo,RESIDUOS RESIDENCIALES,30.233333333333334
FPZ460,2021-05-06 02:27:27,2021-05-06 03:19:51,10790,AGUAS DE SAN JERONIMO ESP,San Jerónimo,RESIDUOS RESIDENCIALES,52.4
FPZ460,2021-05-06 14:20:56,2021-05-06 14:58:28,11930,AGUAS DE SAN JERONIMO ESP,San Jerónimo,RESIDUOS RESIDENCIALES,37.53333333333333
FPZ460,2021-05-07 18:30:14,2021-05-07 19:01:58,9070,AGUAS DE SAN JERONIMO ESP,San Jerónimo,RESIDUOS RESIDENCIALES,31.733333333333334
FPZ460,2021-05-09 11:09:42,2021-05-09 11:48:10,11080,AGUAS DE SAN JERONIMO ESP,San Jerónimo,RESIDUOS RESIDENCIALES,38.46666666666667
FPZ460,2021-05-10 13:48:31,2021-05-10 14:34:13,11590,AGUAS DE SAN JERONIMO ESP,San Jerónimo,RESIDUOS RESIDENCIALES,45.7
FPZ460,2021-05-11 13:22:21,2021-05-11 14:29:06,10640,AGUAS DE SAN JERONIMO ESP,San Jerónimo,RESIDUOS RESIDENCIALES,66.75
FPZ460,2021-05-12 02:35:44,2021-05-12 03:20:44,9740,AGUAS DE SAN JERONIMO ESP,San Jerónimo,RESIDUOS RESIDENCIALES,45.0
FPZ460,2021-05-12 15:46:11,2021-05-12 16:12:54,10540,AGUAS DE SAN JERONIMO ESP,San Jerónimo,RESIDUOS RESIDENCIALES,26.716666666666665
FPZ460,2021-05-13 14:31:49,2021-05-13 15:00:37,11750,AGUAS DE SAN JERONIMO ESP,San Jerónimo,RESIDUOS RESIDENCIALES,28.8
FPZ460,2021-05-14 15:40:06,2021-05-14 16:10:30,9630,AGUAS DE SAN JERONIMO ESP,San Jerónimo,RESIDUOS RESIDENCIALES,30.4
FPZ460,2021-05-15 15:45:19,2021-05-15 16:13:39,10910,AGUAS DE SAN JERONIMO ESP,San Jerónimo,RESIDUOS RESIDENCIALES,28.333333333333332
FPZ460,2021-05-18 02:48:22,2021-05-18 03:26:25,11400,AGUAS DE SAN JERONIMO ESP,San Jerónimo,RESIDUOS RESIDENCIALES,38.05
FPZ460,2021-05-18 13:15:50,2021-05-18 13:48:31,11560,AGUAS DE SAN JERONIMO ESP,San Jerónimo,RESIDUOS RESIDENCIALES,32.68333333333333
FPZ460,2021-05-19 03:01:00,2021-05-19 03:25:11,12270,AGUAS DE SAN JERONIMO ESP,San Jerónimo,RESIDUOS RESIDENCIALES,24.183333333333334
FPZ460,2021-05-19 15:46:20,2021-05-19 16:25:53,10750,AGUAS DE SAN JERONIMO ESP,San Jerónimo,RESIDUOS RESIDENCIALES,39.55
FPZ460,2021-05-20 13:05:33,2021-05-20 14:07:19,10800,AGUAS DE SAN JERONIMO ESP,San Jerónimo,RESIDUOS RESIDENCIALES,61.766666666666666
OKL244,2021-05-20 17:55:18,2021-05-20 18:28:57,8650,AGUAS DE SAN JERONIMO ESP,San Jerónimo,RESIDUOS RESIDENCIALES,33.65
OKL244,2021-05-21 14:01:51,2021-05-21 14:32:35,7230,AGUAS DE SAN JERONIMO ESP,San Jerónimo,RESIDUOS RESIDENCIALES,30.733333333333334
FPZ460,2021-05-22 15:01:43,2021-05-22 15:30:05,11210,AGUAS DE SAN JERONIMO ESP,San Jerónimo,RESIDUOS RESIDENCIALES,28.366666666666667
OKL244,2021-05-23 11:19:31,2021-05-23 11:51:00,7020,AGUAS DE SAN JERONIMO ESP,San Jerónimo,RESIDUOS RESIDENCIALES,31.483333333333334
FPZ460,2021-05-24 16:54:19,2021-05-24 17:26:50,10720,AGUAS DE SAN JERONIMO ESP,San Jerónimo,RESIDUOS RESIDENCIALES,32.516666666666666
FPZ460,2021-05-25 15:33:22,2021-05-25 16:24:38,10690,AGUAS DE SAN JERONIMO ESP,San Jerónimo,RESIDUOS RESIDENCIALES,51.266666666666666
OKL244,2021-05-25 16:55:49,2021-05-25 17:30:08,7020,AGUAS DE SAN JERONIMO ESP,San Jerónimo,RESIDUOS RESIDENCIALES,34.31666666666667
FPZ460,2021-05-26 16:15:41,2021-05-26 16:48:34,11340,AGUAS DE SAN JERONIMO ESP,San Jerónimo,RESIDUOS RESIDENCIALES,32.88333333333333
OKL244,2021-05-27 12:43:03,2021-05-27 13:47:29,8290,AGUAS DE SAN JERONIMO ESP,San Jerónimo,RESIDUOS RESIDENCIALES,64.43333333333334
FPZ460,2021-05-28 12:29:52,2021-05-28 13:52:29,10640,AGUAS DE SAN JERONIMO ESP,San Jerónimo,RESIDUOS RESIDENCIALES,82.61666666666666
OKL244,2021-05-29 14:24:03,2021-05-29 15:11:06,7590,AGUAS DE SAN JERONIMO ESP,San Jerónimo,RESIDUOS RESIDENCIALES,47.05
FPZ460,2021-05-31 10:48:27,2021-05-31 11:17:31,11490,AGUAS DE SAN JERONIMO ESP,San Jerónimo,RESIDUOS RESIDENCIALES,29.066666666666666
OKL244,2021-05-31 15:24:30,2021-05-31 16:40:30,8720,AGUAS DE SAN JERONIMO ESP,San Jerónimo,RESIDUOS RESIDENCIALES,76.0
FPZ460,2021-06-01 16:26:05,2021-06-01 17:02:57,10390,AGUAS DE SAN JERONIMO ESP,San Jerónimo,RESIDUOS RESIDENCIALES,36.86666666666667
OKL244,2021-06-02 11:36:52,2021-06-02 12:24:44,8480,AGUAS DE SAN JERONIMO ESP,San Jerónimo,RESIDUOS RESIDENCIALES,47.86666666666667
FPZ460,2021-06-02 15:58:59,2021-06-02 16:30:36,10510,AGUAS DE SAN JERONIMO ESP,San Jerónimo,RESIDUOS RESIDENCIALES,31.616666666666667
FPZ460,2021-06-03 16:06:54,2021-06-03 16:44:49,11400,AGUAS DE SAN JERONIMO ESP,San Jerónimo,RESIDUOS RESIDENCIALES,37.916666666666664
OKL244,2021-06-04 16:18:04,2021-06-04 16:44:05,8320,AGUAS DE SAN JERONIMO ESP,San Jerónimo,RESIDUOS RESIDENCIALES,26.016666666666666
OKL244,2021-06-05 16:59:41,2021-06-05 17:29:43,11370,AGUAS DE SAN JERONIMO ESP,San Jerónimo,RESIDUOS RESIDENCIALES,30.033333333333335
OKL244,2021-06-07 15:30:39,2021-06-07 15:58:36,8340,AGUAS DE SAN JERONIMO ESP,San Jerónimo,RESIDUOS RESIDENCIALES,27.95
FPZ460,2021-06-08 11:02:00,2021-06-08 11:31:42,11200,AGUAS DE SAN JERONIMO ESP,San Jerónimo,RESIDUOS RESIDENCIALES,29.7
OKL244,2021-06-08 16:03:49,2021-06-08 17:10:30,7830,AGUAS DE SAN JERONIMO ESP,San Jerónimo,RESIDUOS RESIDENCIALES,66.68333333333334
FPZ460,2021-06-09 15:20:29,2021-06-09 17:02:45,10660,AGUAS DE SAN JERONIMO ESP,San Jerónimo,RESIDUOS RESIDENCIALES,102.26666666666667
OKL244,2021-06-09 16:53:26,2021-06-09 18:04:43,8490,AGUAS DE SAN JERONIMO ESP,San Jerónimo,RESIDUOS RESIDENCIALES,71.28333333333333
FPZ460,2021-06-10 15:48:41,2021-06-10 17:01:43,11230,AGUAS DE SAN JERONIMO ESP,San Jerónimo,RESIDUOS RESIDENCIALES,73.03333333333333
OKL244,2021-06-12 11:21:45,2021-06-12 12:19:24,8230,AGUAS DE SAN JERONIMO ESP,San Jerónimo,RESIDUOS RESIDENCIALES,57.65
FPZ460,2021-06-12 16:56:56,2021-06-12 17:23:53,10370,AGUAS DE SAN JERONIMO ESP,San Jerónimo,RESIDUOS RESIDENCIALES,26.95
FPZ460,2021-06-11 15:47:43,2021-06-11 17:01:56,10210,AGUAS DE SAN JERONIMO ESP,San Jerónimo,RESIDUOS RESIDENCIALES,74.21666666666667
FPZ460,2021-06-14 15:35:43,2021-06-14 16:04:21,10570,AGUAS DE SAN JERONIMO ESP,San Jerónimo,RESIDUOS RESIDENCIALES,28.633333333333333
OKL244,2021-06-14 16:43:31,2021-06-14 17:22:02,8150,AGUAS DE SAN JERONIMO ESP,San Jerónimo,RESIDUOS RESIDENCIALES,38.516666666666666
OKL244,2021-06-15 14:17:17,2021-06-15 15:34:41,7950,AGUAS DE SAN JERONIMO ESP,San Jerónimo,RESIDUOS RESIDENCIALES,77.4
FPZ460,2021-06-15 15:41:47,2021-06-15 16:44:53,10200,AGUAS DE SAN JERONIMO ESP,San Jerónimo,RESIDUOS RESIDENCIALES,63.1
FPZ460,2021-06-16 15:25:52,2021-06-16 16:36:43,10810,AGUAS DE SAN JERONIMO ESP,San Jerónimo,RESIDUOS RESIDENCIALES,70.85
OKL244,2021-06-16 15:34:55,2021-06-16 16:37:32,6810,AGUAS DE SAN JERONIMO ESP,San Jerónimo,RESIDUOS RESIDENCIALES,62.61666666666667
FPZ460,2021-06-17 13:23:28,2021-06-17 14:14:47,10800,AGUAS DE SAN JERONIMO ESP,San Jerónimo,RESIDUOS RESIDENCIALES,51.31666666666667
OKL244,2021-06-18 11:06:01,2021-06-18 11:48:24,8850,AGUAS DE SAN JERONIMO ESP,San Jerónimo,RESIDUOS RESIDENCIALES,42.38333333333333
FPZ460,2021-06-18 17:45:19,2021-06-18 18:11:05,9070,AGUAS DE SAN JERONIMO ESP,San Jerónimo,RESIDUOS RESIDENCIALES,25.766666666666666
FPZ460,2021-06-19 15:57:27,2021-06-19 16:25:35,10130,AGUAS DE SAN JERONIMO ESP,San Jerónimo,RESIDUOS RESIDENCIALES,28.133333333333333
FPZ460,2021-06-21 14:48:43,2021-06-21 15:22:57,11340,AGUAS DE SAN JERONIMO ESP,San Jerónimo,RESIDUOS RESIDENCIALES,34.233333333333334
FPZ460,2021-06-22 13:20:32,2021-06-22 13:54:36,10340,AGUAS DE SAN JERONIMO ESP,San Jerónimo,RESIDUOS RESIDENCIALES,34.06666666666667
FPZ460,2021-06-23 00:10:48,2021-06-23 00:41:42,10850,AGUAS DE SAN JERONIMO ESP,San Jerónimo,RESIDUOS RESIDENCIALES,30.9
OKL244,2021-06-23 17:36:16,2021-06-23 18:06:03,8330,AGUAS DE SAN JERONIMO ESP,San Jerónimo,RESIDUOS RESIDENCIALES,29.783333333333335
FPZ460,2021-06-24 14:02:00,2021-06-24 14:42:01,10750,AGUAS DE SAN JERONIMO ESP,San Jerónimo,RESIDUOS RESIDENCIALES,40.016666666666666
FPZ460,2021-06-25 18:13:14,2021-06-25 18:39:53,9900,AGUAS DE SAN JERONIMO ESP,San Jerónimo,RESIDUOS RESIDENCIALES,26.65
FPZ460,2021-06-26 16:31:16,2021-06-26 17:01:37,9860,AGUAS DE SAN JERONIMO ESP,San Jerónimo,RESIDUOS RESIDENCIALES,30.35
OKL244,2021-06-26 17:29:19,2021-06-26 17:57:11,6900,AGUAS DE SAN JERONIMO ESP,San Jerónimo,RESIDUOS RESIDENCIALES,27.866666666666667
OKL244,2021-06-28 14:48:46,2021-06-28 15:26:08,8490,AGUAS DE SAN JERONIMO ESP,San Jerónimo,RESIDUOS RESIDENCIALES,37.36666666666667
FPZ460,2021-06-28 16:46:27,2021-06-28 17:15:12,10510,AGUAS DE SAN JERONIMO ESP,San Jerónimo,RESIDUOS RESIDENCIALES,28.75
FPZ460,2021-06-29 14:27:50,2021-06-29 15:20:08,10170,AGUAS DE SAN JERONIMO ESP,San Jerónimo,RESIDUOS RESIDENCIALES,52.3
OKL244,2021-06-30 16:46:27,2021-06-30 17:16:01,7620,AGUAS DE SAN JERONIMO ESP,San Jerónimo,RESIDUOS RESIDENCIALES,29.566666666666666
FPZ460,2021-06-30 16:38:58,2021-06-30 17:18:23,10240,AGUAS DE SAN JERONIMO ESP,San Jerónimo,RESIDUOS RESIDENCIALES,39.416666666666664
FPZ460,2021-07-01 15:00:11,2021-07-01 15:54:39,10890,AGUAS DE SAN JERONIMO ESP,San Jerónimo,RESIDUOS RESIDENCIALES,54.46666666666667
FPZ460,2021-07-02 14:39:55,2021-07-02 15:12:56,9880,AGUAS DE SAN JERONIMO ESP,San Jerónimo,RESIDUOS RESIDENCIALES,33.016666666666666
FPZ460,2021-07-03 16:43:15,2021-07-03 17:28:31,10660,AGUAS DE SAN JERONIMO ESP,San Jerónimo,RESIDUOS RESIDENCIALES,45.266666666666666
OKL244,2021-07-04 13:18:59,2021-07-04 13:57:22,7690,AGUAS DE SAN JERONIMO ESP,San Jerónimo,RESIDUOS RESIDENCIALES,38.38333333333333
FPZ460,2021-07-05 14:39:26,2021-07-05 15:22:37,10590,AGUAS DE SAN JERONIMO ESP,San Jerónimo,RESIDUOS RESIDENCIALES,43.18333333333333
OKL244,2021-07-06 11:32:10,2021-07-06 12:11:53,7690,AGUAS DE SAN JERONIMO ESP,San Jerónimo,RESIDUOS RESIDENCIALES,39.71666666666667
FPZ460,2021-07-06 16:17:49,2021-07-06 16:47:30,9730,AGUAS DE SAN JERONIMO ESP,San Jerónimo,RESIDUOS RESIDENCIALES,29.683333333333334
FPZ460,2021-07-07 15:37:58,2021-07-07 16:33:43,10020,AGUAS DE SAN JERONIMO ESP,San Jerónimo,RESIDUOS RESIDENCIALES,55.75
OKL244,2021-07-07 15:46:21,2021-07-07 16:35:40,6970,AGUAS DE SAN JERONIMO ESP,San Jerónimo,RESIDUOS RESIDENCIALES,49.31666666666667
FPZ460,2021-07-08 15:08:26,2021-07-08 15:53:15,11550,AGUAS DE SAN JERONIMO ESP,San Jerónimo,RESIDUOS RESIDENCIALES,44.81666666666667
OKL244,2021-07-08 16:22:36,2021-07-08 16:56:51,8210,AGUAS DE SAN JERONIMO ESP,San Jerónimo,RESIDUOS RESIDENCIALES,34.25
FPZ460,2021-07-09 15:34:03,2021-07-09 16:09:19,10130,AGUAS DE SAN JERONIMO ESP,San Jerónimo,RESIDUOS RESIDENCIALES,35.266666666666666
OKL244,2021-07-10 14:16:07,2021-07-10 14:48:30,7860,AGUAS DE SAN JERONIMO ESP,San Jerónimo,RESIDUOS RESIDENCIALES,32.38333333333333
FPZ460,2021-07-12 14:13:16,2021-07-12 15:02:19,10680,AGUAS DE SAN JERONIMO ESP,San Jerónimo,RESIDUOS RESIDENCIALES,49.05
OKL244,2021-07-12 14:59:03,2021-07-12 15:57:22,8810,AGUAS DE SAN JERONIMO ESP,San Jerónimo,RESIDUOS RESIDENCIALES,58.31666666666667
FPZ460,2021-07-13 16:07:30,2021-07-13 16:48:55,10750,AGUAS DE SAN JERONIMO ESP,San Jerónimo,RESIDUOS RESIDENCIALES,41.416666666666664
OKL244,2021-07-13 18:29:52,2021-07-13 18:50:35,7830,AGUAS DE SAN JERONIMO ESP,San Jerónimo,RESIDUOS RESIDENCIALES,20.716666666666665
FPZ460,2021-07-14 18:05:54,2021-07-14 18:36:45,9140,AGUAS DE SAN JERONIMO ESP,San Jerónimo,RESIDUOS RESIDENCIALES,30.85
OKL244,2021-07-15 14:05:36,2021-07-15 15:06:11,7310,AGUAS DE SAN JERONIMO ESP,San Jerónimo,RESIDUOS RESIDENCIALES,60.583333333333336
FPZ460,2021-07-15 16:18:51,2021-07-15 16:49:19,9160,AGUAS DE SAN JERONIMO ESP,San Jerónimo,RESIDUOS RESIDENCIALES,30.466666666666665
OKL244,2021-07-16 15:20:50,2021-07-16 15:59:53,7740,AGUAS DE SAN JERONIMO ESP,San Jerónimo,RESIDUOS RESIDENCIALES,39.05
FPZ460,2021-07-17 16:53:37,2021-07-17 17:34:25,10410,AGUAS DE SAN JERONIMO ESP,San Jerónimo,RESIDUOS RESIDENCIALES,40.8
FPZ460,2021-07-19 15:20:47,2021-07-19 16:04:12,11130,AGUAS DE SAN JERONIMO ESP,San Jerónimo,RESIDUOS RESIDENCIALES,43.416666666666664
FPZ460,2021-07-20 16:04:26,2021-07-20 16:40:05,10750,AGUAS DE SAN JERONIMO ESP,San Jerónimo,RESIDUOS RESIDENCIALES,35.65
OKL244,2021-07-20 16:18:41,2021-07-20 16:58:07,7760,AGUAS DE SAN JERONIMO ESP,San Jerónimo,RESIDUOS RESIDENCIALES,39.43333333333333
FPZ460,2021-07-21 15:47:19,2021-07-21 16:19:28,10450,AGUAS DE SAN JERONIMO ESP,San Jerónimo,RESIDUOS RESIDENCIALES,32.15
FPZ460,2021-07-22 15:24:58,2021-07-22 15:55:55,10480,AGUAS DE SAN JERONIMO ESP,San Jerónimo,RESIDUOS RESIDENCIALES,30.95
OKL244,2021-07-22 15:39:58,2021-07-22 16:07:56,7690,AGUAS DE SAN JERONIMO ESP,San Jerónimo,RESIDUOS RESIDENCIALES,27.966666666666665
FPZ460,2021-07-23 16:43:16,2021-07-23 17:17:18,9990,AGUAS DE SAN JERONIMO ESP,San Jerónimo,RESIDUOS RESIDENCIALES,34.03333333333333
OKL244,2021-07-24 16:03:11,2021-07-24 16:28:50,6180,AGUAS DE SAN JERONIMO ESP,San Jerónimo,RESIDUOS RESIDENCIALES,25.65
FPZ460,2021-07-24 16:06:46,2021-07-24 16:39:07,9050,AGUAS DE SAN JERONIMO ESP,San Jerónimo,RESIDUOS RESIDENCIALES,32.35
OKL244,2021-07-26 14:42:35,2021-07-26 15:39:59,8920,AGUAS DE SAN JERONIMO ESP,San Jerónimo,RESIDUOS RESIDENCIALES,57.4
FPZ460,2021-07-27 16:51:30,2021-07-27 17:25:52,10900,AGUAS DE SAN JERONIMO ESP,San Jerónimo,RESIDUOS RESIDENCIALES,34.36666666666667
OKL244,2021-07-27 16:48:00,2021-07-27 17:29:31,8640,AGUAS DE SAN JERONIMO ESP,San Jerónimo,RESIDUOS RESIDENCIALES,41.516666666666666
FPZ460,2021-07-28 16:59:17,2021-07-28 17:42:00,10610,AGUAS DE SAN JERONIMO ESP,San Jerónimo,RESIDUOS RESIDENCIALES,42.71666666666667
OKL244,2021-07-29 12:00:11,2021-07-29 13:01:09,7820,AGUAS DE SAN JERONIMO ESP,San Jerónimo,RESIDUOS RESIDENCIALES,60.96666666666667
OKL244,2021-07-29 20:45:02,2021-07-29 21:30:36,8200,AGUAS DE SAN JERONIMO ESP,San Jerónimo,RESIDUOS RESIDENCIALES,45.56666666666667
OKL244,2021-07-30 15:06:24,2021-07-30 15:36:25,7240,AGUAS DE SAN JERONIMO ESP,San Jerónimo,RESIDUOS RESIDENCIALES,30.016666666666666
OKL244,2021-07-31 13:33:21,2021-07-31 14:09:47,8220,AGUAS DE SAN JERONIMO ESP,San Jerónimo,RESIDUOS RESIDENCIALES,36.43333333333333
OKL244,2021-08-02 10:22:58,2021-08-02 10:49:04,7540,AGUAS DE SAN JERONIMO ESP,San Jerónimo,RESIDUOS RESIDENCIALES,26.1
OKL244,2021-08-02 19:23:28,2021-08-02 20:13:55,7820,AGUAS DE SAN JERONIMO ESP,San Jerónimo,RESIDUOS RESIDENCIALES,50.45
OKL244,2021-08-03 12:28:13,2021-08-03 13:16:50,7780,AGUAS DE SAN JERONIMO ESP,San Jerónimo,RESIDUOS RESIDENCIALES,48.61666666666667
OKL244,2021-08-03 21:07:24,2021-08-03 21:59:54,8240,AGUAS DE SAN JERONIMO ESP,San Jerónimo,RESIDUOS RESIDENCIALES,52.5
OKL244,2021-08-04 13:38:12,2021-08-04 14:27:03,7060,AGUAS DE SAN JERONIMO ESP,San Jerónimo,RESIDUOS RESIDENCIALES,48.85
OKL244,2021-08-05 02:53:09,2021-08-05 03:20:14,7180,AGUAS DE SAN JERONIMO ESP,San Jerónimo,RESIDUOS RESIDENCIALES,27.083333333333332
OKL244,2021-08-05 12:07:50,2021-08-05 13:06:07,7420,AGUAS DE SAN JERONIMO ESP,San Jerónimo,RESIDUOS RESIDENCIALES,58.28333333333333
OKL244,2021-08-06 02:37:02,2021-08-06 03:14:48,6430,AGUAS DE SAN JERONIMO ESP,San Jerónimo,RESIDUOS RESIDENCIALES,37.766666666666666
OKL244,2021-08-06 14:53:50,2021-08-06 15:23:18,7810,AGUAS DE SAN JERONIMO ESP,San Jerónimo,RESIDUOS RESIDENCIALES,29.466666666666665
OKL244,2021-08-07 15:06:10,2021-08-07 15:31:21,7290,AGUAS DE SAN JERONIMO ESP,San Jerónimo,RESIDUOS RESIDENCIALES,25.183333333333334
OKL244,2021-08-09 13:41:27,2021-08-09 14:19:19,7900,AGUAS DE SAN JERONIMO ESP,San Jerónimo,RESIDUOS RESIDENCIALES,37.86666666666667
FPZ460,2021-08-09 14:02:01,2021-08-09 14:41:50,10280,AGUAS DE SAN JERONIMO ESP,San Jerónimo,RESIDUOS RESIDENCIALES,39.81666666666667
FPZ460,2021-08-10 15:51:32,2021-08-10 16:38:10,10930,AGUAS DE SAN JERONIMO ESP,San Jerónimo,RESIDUOS RESIDENCIALES,46.63333333333333
OKL244,2021-08-10 16:10:21,2021-08-10 17:00:44,7290,AGUAS DE SAN JERONIMO ESP,San Jerónimo,RESIDUOS RESIDENCIALES,50.38333333333333
FPZ460,2021-08-11 16:13:35,2021-08-11 16:50:25,9630,AGUAS DE SAN JERONIMO ESP,San Jerónimo,RESIDUOS RESIDENCIALES,36.833333333333336
OKL244,2021-08-11 16:57:32,2021-08-11 17:33:41,7360,AGUAS DE SAN JERONIMO ESP,San Jerónimo,RESIDUOS RESIDENCIALES,36.15
FPZ460,2021-08-12 14:54:34,2021-08-12 15:27:24,9430,AGUAS DE SAN JERONIMO ESP,San Jerónimo,RESIDUOS RESIDENCIALES,32.833333333333336
FPZ460,2021-08-13 15:49:28,2021-08-13 16:19:58,10960,AGUAS DE SAN JERONIMO ESP,San Jerónimo,RESIDUOS RESIDENCIALES,30.5
FPZ460,2021-08-14 19:36:24,2021-08-14 20:01:35,10070,AGUAS DE SAN JERONIMO ESP,San Jerónimo,RESIDUOS RESIDENCIALES,25.183333333333334
OKL244,2021-08-16 11:17:00,2021-08-16 11:52:36,9150,AGUAS DE SAN JERONIMO ESP,San Jerónimo,RESIDUOS RESIDENCIALES,35.6
FPZ460,2021-08-16 15:21:00,2021-08-16 16:00:34,9740,AGUAS DE SAN JERONIMO ESP,San Jerónimo,RESIDUOS RESIDENCIALES,39.56666666666667
OKL244,2021-08-17 16:31:05,2021-08-17 17:12:50,7640,AGUAS DE SAN JERONIMO ESP,San Jerónimo,RESIDUOS RESIDENCIALES,41.75
FPZ460,2021-08-17 16:39:54,2021-08-17 17:28:47,10970,AGUAS DE SAN JERONIMO ESP,San Jerónimo,RESIDUOS RESIDENCIALES,48.88333333333333
OKL244,2021-08-18 15:19:23,2021-08-18 16:38:31,8200,AGUAS DE SAN JERONIMO ESP,San Jerónimo,RESIDUOS RESIDENCIALES,79.13333333333334
FPZ460,2021-08-18 16:09:54,2021-08-18 17:29:10,10840,AGUAS DE SAN JERONIMO ESP,San Jerónimo,RESIDUOS RESIDENCIALES,79.26666666666667
FPZ460,2021-08-19 14:57:22,2021-08-19 16:31:33,10200,AGUAS DE SAN JERONIMO ESP,San Jerónimo,RESIDUOS RESIDENCIALES,94.18333333333334
OKL244,2021-08-19 17:37:42,2021-08-19 18:11:22,8040,AGUAS DE SAN JERONIMO ESP,San Jerónimo,RESIDUOS RESIDENCIALES,33.666666666666664
FPZ460,2021-08-20 17:01:06,2021-08-20 17:40:12,8880,AGUAS DE SAN JERONIMO ESP,San Jerónimo,RESIDUOS RESIDENCIALES,39.1
FPZ460,2021-08-21 15:38:26,2021-08-21 16:04:55,9480,AGUAS DE SAN JERONIMO ESP,San Jerónimo,RESIDUOS RESIDENCIALES,26.483333333333334
OKL244,2021-08-23 11:23:24,2021-08-23 12:13:05,7890,AGUAS DE SAN JERONIMO ESP,San Jerónimo,RESIDUOS RESIDENCIALES,49.68333333333333
OKL244,2021-08-23 15:28:57,2021-08-23 16:13:56,10260,AGUAS DE SAN JERONIMO ESP,San Jerónimo,RESIDUOS RESIDENCIALES,44.983333333333334
FPZ460,2021-08-24 15:41:02,2021-08-24 16:56:36,9910,AGUAS DE SAN JERONIMO ESP,San Jerónimo,RESIDUOS RESIDENCIALES,75.56666666666666
OKL244,2021-08-24 16:56:24,2021-08-24 17:41:06,7050,AGUAS DE SAN JERONIMO ESP,San Jerónimo,RESIDUOS RESIDENCIALES,44.7
FPZ460,2021-08-25 16:36:30,2021-08-25 17:11:20,8950,AGUAS DE SAN JERONIMO ESP,San Jerónimo,RESIDUOS RESIDENCIALES,34.833333333333336
FPZ460,2021-08-26 14:40:52,2021-08-26 15:41:22,10950,AGUAS DE SAN JERONIMO ESP,San Jerónimo,RESIDUOS RESIDENCIALES,60.5
FPZ460,2021-08-27 17:22:15,2021-08-27 17:47:23,10160,AGUAS DE SAN JERONIMO ESP,San Jerónimo,RESIDUOS RESIDENCIALES,25.133333333333333
FPZ460,2021-08-28 15:53:26,2021-08-28 16:34:42,10300,AGUAS DE SAN JERONIMO ESP,San Jerónimo,RESIDUOS RESIDENCIALES,41.266666666666666
OKL244,2021-08-30 12:15:42,2021-08-30 13:49:27,8450,AGUAS DE SAN JERONIMO ESP,San Jerónimo,RESIDUOS RESIDENCIALES,93.75
FPZ460,2021-08-30 16:08:19,2021-08-30 16:59:50,10090,AGUAS DE SAN JERONIMO ESP,San Jerónimo,RESIDUOS RESIDENCIALES,51.516666666666666
FPZ460,2021-08-31 16:54:50,2021-08-31 17:28:16,9930,AGUAS DE SAN JERONIMO ESP,San Jerónimo,RESIDUOS RESIDENCIALES,33.43333333333333
OKL244,2021-08-31 19:34:22,2021-08-31 19:58:46,7520,AGUAS DE SAN JERONIMO ESP,San Jerónimo,RESIDUOS RESIDENCIALES,24.4
FPZ460,2021-09-01 17:18:25,2021-09-01 17:42:14,9870,AGUAS DE SAN JERONIMO ESP,San Jerónimo,RESIDUOS RESIDENCIALES,23.816666666666666
FPZ460,2021-09-02 13:39:52,2021-09-02 14:30:14,10000,AGUAS DE SAN JERONIMO ESP,San Jerónimo,RESIDUOS RESIDENCIALES,50.36666666666667
OKL244,2021-09-03 16:05:02,2021-09-03 16:29:50,8190,AGUAS DE SAN JERONIMO ESP,San Jerónimo,RESIDUOS RESIDENCIALES,24.8
OKL244,2021-09-04 17:24:25,2021-09-04 17:51:33,6230,AGUAS DE SAN JERONIMO ESP,San Jerónimo,RESIDUOS RESIDENCIALES,27.133333333333333
FPZ460,2021-09-04 17:24:45,2021-09-04 17:58:34,9790,AGUAS DE SAN JERONIMO ESP,San Jerónimo,RESIDUOS RESIDENCIALES,33.81666666666667
OKL244,2021-09-06 12:49:09,2021-09-06 14:11:19,7900,AGUAS DE SAN JERONIMO ESP,San Jerónimo,RESIDUOS RESIDENCIALES,82.16666666666667
FPZ460,2021-09-07 07:04:11,2021-09-07 07:47:27,10560,AGUAS DE SAN JERONIMO ESP,San Jerónimo,RESIDUOS RESIDENCIALES,43.266666666666666
OKL244,2021-09-07 16:30:52,2021-09-07 17:31:14,7470,AGUAS DE SAN JERONIMO ESP,San Jerónimo,RESIDUOS RESIDENCIALES,60.36666666666667
FPZ460,2021-09-08 17:33:55,2021-09-08 18:23:32,10980,AGUAS DE SAN JERONIMO ESP,San Jerónimo,RESIDUOS RESIDENCIALES,49.61666666666667
FPZ460,2021-09-09 15:02:42,2021-09-09 15:57:27,10410,AGUAS DE SAN JERONIMO ESP,San Jerónimo,RESIDUOS RESIDENCIALES,54.75
OKL244,2021-09-09 15:30:58,2021-09-09 16:11:42,8190,AGUAS DE SAN JERONIMO ESP,San Jerónimo,RESIDUOS RESIDENCIALES,40.733333333333334
OKL244,2021-09-10 14:44:07,2021-09-10 16:18:26,7440,AGUAS DE SAN JERONIMO ESP,San Jerónimo,RESIDUOS RESIDENCIALES,94.31666666666666
OKL244,2021-09-11 17:12:52,2021-09-11 17:41:01,8220,AGUAS DE SAN JERONIMO ESP,San Jerónimo,RESIDUOS RESIDENCIALES,28.15
OKL244,2021-09-13 13:00:49,2021-09-13 14:47:11,7950,AGUAS DE SAN JERONIMO ESP,San Jerónimo,RESIDUOS RESIDENCIALES,106.36666666666666
FPZ460,2021-09-13 14:48:04,2021-09-13 16:08:31,11040,AGUAS DE SAN JERONIMO ESP,San Jerónimo,RESIDUOS RESIDENCIALES,80.45
OKL244,2021-09-14 17:13:30,2021-09-14 18:40:54,7800,AGUAS DE SAN JERONIMO ESP,San Jerónimo,RESIDUOS RESIDENCIALES,87.4
FPZ460,2021-09-14 17:14:35,2021-09-14 18:45:19,9880,AGUAS DE SAN JERONIMO ESP,San Jerónimo,RESIDUOS RESIDENCIALES,90.73333333333333
FPZ460,2021-09-15 17:21:50,2021-09-15 17:54:22,8980,AGUAS DE SAN JERONIMO ESP,San Jerónimo,RESIDUOS RESIDENCIALES,32.53333333333333
OKL244,2021-09-15 17:22:12,2021-09-15 17:55:03,5730,AGUAS DE SAN JERONIMO ESP,San Jerónimo,RESIDUOS RESIDENCIALES,32.85
OKL244,2021-09-16 16:51:03,2021-09-16 17:23:00,8310,AGUAS DE SAN JERONIMO ESP,San Jerónimo,RESIDUOS RESIDENCIALES,31.95
FPZ460,2021-09-16 16:52:04,2021-09-16 17:34:03,4350,AGUAS DE SAN JERONIMO ESP,San Jerónimo,RESIDUOS RESIDENCIALES,41.983333333333334
OKL244,2021-09-17 14:52:32,2021-09-17 15:28:14,7560,AGUAS DE SAN JERONIMO ESP,San Jerónimo,RESIDUOS RESIDENCIALES,35.7
OKL244,2021-09-18 15:44:29,2021-09-18 16:11:20,7430,AGUAS DE SAN JERONIMO ESP,San Jerónimo,RESIDUOS RESIDENCIALES,26.85
OKL244,2021-09-19 14:14:44,2021-09-19 15:01:41,7360,AGUAS DE SAN JERONIMO ESP,San Jerónimo,RESIDUOS RESIDENCIALES,46.95
OKL244,2021-09-20 15:15:49,2021-09-20 15:42:38,7360,AGUAS DE SAN JERONIMO ESP,San Jerónimo,RESIDUOS RESIDENCIALES,26.816666666666666
FPZ460,2021-09-20 15:59:43,2021-09-20 16:44:00,10040,AGUAS DE SAN JERONIMO ESP,San Jerónimo,RESIDUOS RESIDENCIALES,44.28333333333333
FPZ460,2021-09-21 15:23:40,2021-09-21 15:57:47,9920,AGUAS DE SAN JERONIMO ESP,San Jerónimo,RESIDUOS RESIDENCIALES,34.11666666666667
OKL244,2021-09-21 17:20:55,2021-09-21 17:46:24,6340,AGUAS DE SAN JERONIMO ESP,San Jerónimo,RESIDUOS RESIDENCIALES,25.483333333333334
FPZ460,2021-09-22 15:52:38,2021-09-22 16:30:04,10290,AGUAS DE SAN JERONIMO ESP,San Jerónimo,RESIDUOS RESIDENCIALES,37.43333333333333
OKL244,2021-09-23 13:22:04,2021-09-23 14:03:09,8030,AGUAS DE SAN JERONIMO ESP,San Jerónimo,RESIDUOS RESIDENCIALES,41.083333333333336
FPZ460,2021-09-23 16:12:17,2021-09-23 16:43:14,4950,AGUAS DE SAN JERONIMO ESP,San Jerónimo,RESIDUOS RESIDENCIALES,30.95
FPZ460,2021-09-24 16:02:06,2021-09-24 16:32:35,9280,AGUAS DE SAN JERONIMO ESP,San Jerónimo,RESIDUOS RESIDENCIALES,30.483333333333334
FPZ460,2021-09-25 16:21:31,2021-09-25 16:53:54,9660,AGUAS DE SAN JERONIMO ESP,San Jerónimo,RESIDUOS RESIDENCIALES,32.38333333333333
FPZ460,2021-09-27 16:47:09,2021-09-27 17:43:32,9930,AGUAS DE SAN JERONIMO ESP,San Jerónimo,RESIDUOS RESIDENCIALES,56.38333333333333
OKL244,2021-09-27 11:12:10,2021-09-27 11:44:31,7550,AGUAS DE SAN JERONIMO ESP,San Jerónimo,RESIDUOS RESIDENCIALES,32.35
FPZ460,2021-09-28 15:14:52,2021-09-28 15:54:19,9740,AGUAS DE SAN JERONIMO ESP,San Jerónimo,RESIDUOS RESIDENCIALES,39.45
FPZ460,2021-09-29 15:21:18,2021-09-29 16:05:56,9590,AGUAS DE SAN JERONIMO ESP,San Jerónimo,RESIDUOS RESIDENCIALES,44.63333333333333
OKL244,2021-09-29 15:33:25,2021-09-29 16:28:01,7210,AGUAS DE SAN JERONIMO ESP,San Jerónimo,RESIDUOS RESIDENCIALES,54.6
OKL244,2021-09-30 13:18:49,2021-09-30 13:51:15,7550,AGUAS DE SAN JERONIMO ESP,San Jerónimo,RESIDUOS RESIDENCIALES,32.43333333333333
FPZ460,2021-09-30 15:48:36,2021-09-30 16:24:23,6920,AGUAS DE SAN JERONIMO ESP,San Jerónimo,RESIDUOS RESIDENCIALES,35.78333333333333
OKL244,2021-10-02 04:14:10,2021-10-02 04:44:31,6710,AGUAS DE SAN JERONIMO ESP,San Jerónimo,RESIDUOS RESIDENCIALES,30.35
FPZ460,2021-10-02 16:10:42,2021-10-02 16:41:30,9440,AGUAS DE SAN JERONIMO ESP,San Jerónimo,RESIDUOS RESIDENCIALES,30.8
OKL244,2021-10-04 14:19:33,2021-10-04 15:00:09,8050,AGUAS DE SAN JERONIMO ESP,San Jerónimo,RESIDUOS RESIDENCIALES,40.6
FPZ460,2021-10-05 13:43:35,2021-10-05 14:44:57,11010,AGUAS DE SAN JERONIMO ESP,San Jerónimo,RESIDUOS RESIDENCIALES,61.36666666666667
OKL244,2021-10-05 14:50:29,2021-10-05 15:46:49,7810,AGUAS DE SAN JERONIMO ESP,San Jerónimo,RESIDUOS RESIDENCIALES,56.333333333333336
FPZ460,2021-10-06 16:05:54,2021-10-06 16:40:34,9500,AGUAS DE SAN JERONIMO ESP,San Jerónimo,RESIDUOS RESIDENCIALES,34.666666666666664
OKL244,2021-10-07 04:34:28,2021-10-07 05:08:22,7150,AGUAS DE SAN JERONIMO ESP,San Jerónimo,RESIDUOS RESIDENCIALES,33.9
FPZ460,2021-10-07 15:07:54,2021-10-07 15:33:53,10590,AGUAS DE SAN JERONIMO ESP,San Jerónimo,RESIDUOS RESIDENCIALES,25.983333333333334
FPZ460,2021-10-08 15:43:05,2021-10-08 16:12:35,9600,AGUAS DE SAN JERONIMO ESP,San Jerónimo,RESIDUOS RESIDENCIALES,29.5
OKL244,2021-10-09 15:22:24,2021-10-09 15:49:35,8130,AGUAS DE SAN JERONIMO ESP,San Jerónimo,RESIDUOS RESIDENCIALES,27.183333333333334
OKL244,2021-10-10 14:59:11,2021-10-10 15:25:44,7640,AGUAS DE SAN JERONIMO ESP,San Jerónimo,RESIDUOS RESIDENCIALES,26.55
FPZ460,2021-10-11 18:13:47,2021-10-11 18:43:01,10790,AGUAS DE SAN JERONIMO ESP,San Jerónimo,RESIDUOS RESIDENCIALES,29.233333333333334
OKL244,2021-10-12 15:38:36,2021-10-12 16:10:49,8520,AGUAS DE SAN JERONIMO ESP,San Jerónimo,RESIDUOS RESIDENCIALES,32.21666666666667
FPZ460,2021-10-12 20:38:20,2021-10-12 21:10:46,10650,AGUAS DE SAN JERONIMO ESP,San Jerónimo,RESIDUOS RESIDENCIALES,32.43333333333333
FPZ460,2021-10-13 17:22:02,2021-10-13 18:09:49,10630,AGUAS DE SAN JERONIMO ESP,San Jerónimo,RESIDUOS RESIDENCIALES,47.78333333333333
